iso,Country/Region,unit,1990,1991,1992,1993,1994,1995,1996,1997,1998,1999,2000,2001,2002,2003,2004,2005,2006,2007,2008,2009,2010,2011,2012,2013,2014,2015,2016,2017,2018,2019,2020,2021,2022
CHN,China,MtCO2e,3049.87,3196.90,3338.53,3581.08,3751.23,4148.03,4164.03,4154.19,4262.67,4195.59,4362.72,4557.76,4849.11,5512.24,6269.19,7038.18,7701.68,8289.28,8533.37,9095.23,9916.32,10408.90,10693.51,11175.26,11237.61,11085.85,11135.02,11376.55,11868.70,12109.18,12263.69,12852.14,12851.84
USA,United States,MtCO2e,5472.89,5424.70,5506.44,5615.49,5709.34,5777.03,5947.73,6206.91,6252.24,6251.79,6413.36,6378.39,6224.85,6292.14,6375.20,6395.62,6305.71,6408.93,6225.53,5807.83,6078.96,5861.49,5650.45,5795.20,5845.56,5735.74,5804.37,5755.15,5972.88,5851.35,5305.85,5591.52,5670.87
IND,India,MtCO2e,1126.56,1181.45,1208.14,1244.03,1293.11,1361.15,1410.07,1470.03,1499.21,1580.92,1620.92,1867.02,1885.83,1929.69,2019.20,2090.59,2188.97,2335.80,2450.97,2564.09,2680.84,2729.53,2884.20,2947.22,3134.57,3179.00,3247.88,3367.94,3506.66,3507.03,3326.20,3584.74,3805.03
RUS,Russia,MtCO2e,2618.14,2550.02,2382.89,2186.50,1952.47,1876.57,1832.29,1686.85,1693.84,1722.02,1781.41,1393.93,1396.64,1470.07,1469.16,1494.60,1528.99,1538.64,1538.59,1405.04,1487.68,1656.02,1647.28,1603.53,1596.32,1572.12,1697.90,1746.26,1840.91,1844.30,1759.19,1939.93,1886.05
BRA,Brazil,MtCO2e,1675.44,1696.97,1707.24,1717.63,1734.63,1761.52,1764.33,1796.60,1833.46,1845.11,1847.49,1942.16,1982.84,1999.09,2048.86,2066.93,2055.61,2095.14,2095.86,2069.71,2178.84,1339.37,1384.67,1410.09,1450.30,1437.66,1524.43,1550.01,1509.63,1533.43,1537.10,1598.81,1597.22
IDN,Indonesia,MtCO2e,1156.89,1178.43,1202.76,1221.44,1244.87,1282.12,1129.81,2128.37,1336.88,1223.30,1147.86,974.70,1471.27,1124.38,1479.12,1195.06,1625.05,1048.76,1030.94,1437.32,1068.54,1624.03,1643.27,1586.04,1966.06,2009.98,1363.67,1364.58,1617.58,1893.29,1449.43,1449.39,1543.17
JPN,Japan,MtCO2e,1127.24,1144.91,1158.86,1154.15,1214.57,1235.73,1248.74,1233.65,1181.90,1207.89,1218.28,1171.37,1197.54,1203.16,1188.72,1195.32,1175.11,1208.74,1138.46,1079.01,1136.30,1242.66,1285.84,1301.26,1254.19,1216.99,1222.75,1210.55,1171.48,1135.89,1079.76,1097.01,1068.05
IRN,Iran,MtCO2e,308.48,336.46,358.63,366.44,405.31,414.74,430.26,447.52,449.35,483.49,512.14,487.78,499.51,536.32,571.93,611.06,650.75,682.13,688.06,708.53,712.28,766.39,762.88,782.98,806.12,803.47,841.62,871.88,862.97,892.61,909.92,979.72,990.34
SAU,Saudi Arabia,MtCO2e,241.89,275.50,292.72,289.23,287.72,286.24,300.42,305.22,320.03,322.93,338.23,345.60,366.64,391.18,411.72,435.34,460.49,483.43,525.45,540.84,588.04,621.12,658.81,677.23,723.51,759.07,760.73,749.91,732.36,730.06,725.04,747.26,793.61
CAN,Canada,MtCO2e,634.47,630.19,644.00,640.28,658.16,673.97,695.07,706.90,724.19,723.86,741.76,967.22,988.61,1010.85,1000.65,1014.62,1004.80,1036.27,1014.14,979.44,997.85,847.36,847.87,861.61,870.02,866.02,761.76,779.21,799.14,790.71,734.20,746.07,760.62
COD,Democratic Republic of the Congo,MtCO2e,438.96,437.51,439.70,442.62,445.24,445.50,437.71,444.96,447.10,439.04,435.17,431.07,446.04,454.14,458.54,458.84,461.12,453.61,459.77,460.15,464.57,700.89,693.05,697.06,697.16,700.97,701.48,706.52,698.79,704.15,707.00,708.50,707.61
DEU,Germany,MtCO2e,1096.85,1071.77,1027.23,1019.71,1010.50,1007.87,1032.43,995.40,973.82,935.88,928.12,979.21,962.48,963.19,944.99,923.08,931.39,902.29,905.09,847.84,878.65,838.27,851.30,866.23,825.35,830.27,833.13,816.43,787.79,736.50,681.07,704.44,695.82
MEX,Mexico,MtCO2e,441.56,461.08,463.96,482.23,509.15,488.65,507.63,531.88,565.24,548.14,574.96,483.28,495.32,523.95,532.49,557.77,578.16,590.17,594.75,584.13,601.51,704.91,709.70,695.11,689.85,705.55,715.07,715.34,689.51,708.93,651.56,663.68,666.30
KOR,South Korea,MtCO2e,255.65,284.19,308.14,338.80,364.92,393.70,421.08,443.03,376.74,415.50,454.78,451.45,465.72,478.54,499.47,496.21,504.54,521.95,536.29,547.51,609.32,648.90,646.34,646.98,633.46,647.99,658.58,681.21,703.02,680.22,637.52,658.67,637.83
PAK,Pakistan,MtCO2e,199.06,203.56,217.26,231.11,239.67,254.19,265.07,275.20,282.38,299.03,304.86,311.22,321.17,334.03,354.73,367.07,390.08,410.63,415.62,430.71,427.38,437.74,444.41,459.15,474.51,490.55,516.10,542.07,539.06,543.79,578.89,595.65,606.92
AUS,Australia,MtCO2e,551.60,553.01,552.77,555.79,562.01,568.79,569.56,581.41,607.20,647.70,667.40,673.81,669.81,593.28,643.93,607.26,653.75,654.90,624.37,642.72,623.43,663.98,666.93,584.34,601.70,599.09,605.86,652.25,651.07,638.61,590.90,587.82,585.05
ZAF,South Africa,MtCO2e,355.84,351.87,348.01,358.84,365.63,379.18,392.73,409.97,418.31,397.06,395.36,426.53,442.61,465.39,494.66,494.28,496.43,517.89,549.03,526.18,549.13,510.63,531.54,543.02,555.04,529.01,526.26,538.71,543.12,548.06,525.06,517.59,499.16
TUR,Turkey,MtCO2e,189.59,191.83,199.39,205.88,200.95,215.56,233.24,242.19,243.08,243.01,267.09,219.18,229.45,240.66,246.54,259.44,287.93,318.18,315.80,318.38,328.45,334.78,350.48,341.57,366.85,374.36,433.41,472.31,473.89,463.31,474.98,512.90,494.89
VNM,Vietnam,MtCO2e,10.85,15.12,18.59,24.77,29.20,37.52,45.70,53.93,66.04,70.68,78.62,173.71,190.30,196.65,218.56,228.85,233.28,247.98,257.62,280.76,299.86,263.98,265.83,281.14,295.00,311.18,341.16,348.57,406.55,461.51,473.76,463.81,463.85
ARG,Argentina,MtCO2e,308.31,312.72,318.02,319.16,322.80,325.94,337.33,342.39,346.95,354.47,352.61,395.04,393.72,416.43,433.43,437.35,451.10,462.78,466.66,445.64,449.34,429.06,434.46,441.69,439.33,444.85,410.86,415.03,412.59,409.17,394.51,410.31,431.09
THA,Thailand,MtCO2e,179.57,191.20,203.79,221.42,236.69,253.98,273.11,281.73,260.96,270.83,269.81,236.67,250.98,262.68,286.76,295.56,299.45,317.63,319.45,316.56,340.01,370.96,394.27,401.98,397.81,397.98,415.85,419.24,411.58,420.36,414.29,405.55,418.66
GBR,United Kingdom,MtCO2e,775.82,785.11,768.41,750.89,749.06,741.92,763.15,743.24,737.11,707.80,706.57,716.17,697.87,705.29,697.61,690.81,686.97,670.91,649.25,592.84,605.00,564.20,583.99,567.74,527.11,511.97,488.48,477.77,470.22,455.40,411.52,429.65,417.70
MYS,Malaysia,MtCO2e,191.31,202.71,205.43,212.15,220.40,228.14,238.56,250.10,279.85,256.39,268.05,259.36,276.35,285.75,311.44,326.97,322.65,346.93,358.40,353.42,365.47,141.65,141.92,164.30,197.72,181.87,369.19,353.30,376.42,382.29,371.93,373.81,387.45
ITA,Italy,MtCO2e,450.88,448.23,445.40,439.47,434.69,460.03,456.20,460.39,471.67,479.04,485.13,483.71,493.23,512.95,525.27,526.76,515.85,509.05,494.36,444.96,454.57,444.20,425.98,394.33,374.36,384.28,402.00,397.79,395.11,386.00,348.34,382.54,384.40
NGA,Nigeria,MtCO2e,297.99,315.40,333.31,330.96,325.67,329.89,361.42,352.09,331.29,315.57,328.97,324.43,301.81,325.24,328.93,332.72,318.68,306.38,308.94,296.05,325.08,332.06,333.67,343.18,352.79,346.77,348.73,345.38,353.47,364.33,356.46,362.14,353.74
EGY,Egypt,MtCO2e,136.26,141.80,144.28,151.10,148.22,157.59,165.02,173.79,179.54,188.65,188.06,200.71,207.08,212.97,225.44,244.59,255.88,272.66,279.62,287.58,288.45,296.60,306.07,308.61,315.65,326.01,335.86,346.97,340.42,316.60,325.48,345.96,345.75
POL,Poland,MtCO2e,477.58,473.02,461.96,461.33,455.57,456.98,469.35,459.47,423.09,409.88,391.55,330.48,322.96,333.72,336.41,336.24,349.56,346.88,339.09,321.37,339.57,379.24,372.72,365.75,351.20,353.57,358.38,371.06,369.08,350.72,333.35,359.16,344.23
KAZ,Kazakhstan,MtCO2e,340.65,347.93,347.53,307.94,284.14,248.97,222.88,200.25,200.09,182.80,188.23,187.39,216.44,230.68,249.77,264.63,287.21,298.68,337.82,312.16,332.84,346.85,343.06,356.06,316.33,283.17,301.42,324.40,327.27,316.90,318.77,339.41,338.98
FRA,France,MtCO2e,480.38,506.25,490.69,469.86,463.18,470.75,489.65,480.01,496.84,487.92,486.45,449.55,441.70,446.44,445.06,446.06,436.56,429.61,423.82,405.68,409.35,396.90,400.01,399.96,365.98,371.40,371.07,375.93,361.18,352.11,314.06,343.39,332.60
IRQ,Iraq,MtCO2e,99.82,57.44,82.37,109.42,125.01,123.59,122.26,151.15,134.61,121.25,138.30,149.06,139.62,119.84,136.00,133.01,133.03,128.67,145.01,155.22,171.67,181.85,205.98,219.13,218.07,224.74,249.26,263.80,278.02,296.26,278.26,296.42,323.62
DZA,Algeria,MtCO2e,128.37,132.01,134.28,144.45,148.05,154.67,159.38,158.41,160.33,164.32,172.02,166.65,174.18,190.00,194.62,202.35,209.42,213.17,218.19,219.66,224.71,231.24,249.85,255.07,267.46,276.92,276.88,282.31,291.29,299.04,285.14,292.21,306.28
COL,Colombia,MtCO2e,225.35,226.50,229.98,235.06,237.92,242.83,243.23,249.77,251.86,240.01,244.15,234.25,231.55,234.56,237.05,239.38,240.75,248.76,252.86,258.70,266.60,248.38,247.32,256.89,260.09,258.45,289.72,286.91,295.55,298.23,292.40,303.52,300.94
ESP,Spain,MtCO2e,239.17,245.21,255.55,240.01,253.87,268.59,262.33,284.69,293.02,318.12,335.74,354.40,369.40,378.91,393.91,408.44,402.74,418.81,384.99,348.95,334.13,344.62,337.83,311.15,309.40,320.33,304.33,319.42,312.05,294.44,255.11,272.25,274.82
VEN,Venezuela,MtCO2e,487.24,509.60,512.95,523.41,532.83,567.01,604.10,628.74,627.31,598.12,618.50,567.47,542.86,521.57,554.25,578.87,575.82,570.32,587.49,570.56,570.88,587.94,618.44,619.88,611.98,585.83,484.90,441.77,385.12,324.61,240.16,241.59,267.66
BGD,Bangladesh,MtCO2e,121.26,121.46,124.11,125.86,129.31,134.88,136.30,139.16,139.90,144.57,146.41,152.75,156.36,158.81,160.51,165.45,171.32,174.35,182.70,187.19,194.33,200.25,204.79,209.28,213.81,221.46,228.74,238.08,241.92,246.24,242.74,258.14,262.09
PHL,Philippines,MtCO2e,103.35,103.14,106.29,112.63,120.58,133.06,141.94,149.91,143.21,149.56,150.78,150.26,151.99,154.88,158.39,159.81,153.88,160.44,164.27,167.60,173.50,175.15,179.98,190.78,197.88,206.55,216.97,233.65,239.48,246.15,235.96,246.22,253.07
ARE,United Arab Emirates,MtCO2e,82.98,91.95,90.94,95.59,105.08,109.90,114.56,118.01,120.05,120.70,121.78,135.44,137.20,146.12,154.96,164.79,172.34,182.51,207.91,206.06,213.45,220.49,230.51,242.32,244.46,255.30,261.61,251.33,234.43,246.52,242.06,244.12,245.26
TKM,Turkmenistan,MtCO2e,157.79,149.53,103.97,114.13,91.60,92.19,89.94,73.94,76.42,96.07,122.28,125.33,134.90,151.73,159.49,164.19,163.95,177.88,184.96,140.20,155.86,188.13,196.94,205.84,202.81,211.63,204.84,208.21,212.12,244.53,204.84,218.44,227.05
MMR,Myanmar,MtCO2e,213.13,212.32,216.07,219.40,222.66,226.18,222.35,220.00,226.78,232.32,229.12,208.00,207.85,222.16,236.87,227.12,231.48,242.82,227.90,238.92,244.37,213.48,222.58,225.04,232.77,239.23,231.96,245.65,222.34,222.50,231.83,224.49,215.08
ETH,Ethiopia,MtCO2e,101.54,102.37,103.64,97.83,99.32,100.53,103.86,108.49,114.80,116.11,112.82,120.31,129.01,128.00,130.71,134.83,140.77,151.94,156.57,161.28,167.11,168.12,174.53,179.54,185.31,188.36,194.33,196.61,199.49,211.43,219.58,213.94,215.00
PER,Peru,MtCO2e,106.70,105.39,106.68,108.23,110.18,115.19,118.95,119.94,121.26,125.51,126.20,129.40,131.38,131.43,135.42,137.31,136.63,140.65,145.75,149.98,154.81,182.79,182.51,184.61,188.78,190.23,193.69,191.10,191.60,194.84,184.48,197.68,202.62
UZB,Uzbekistan,MtCO2e,172.94,173.93,162.18,165.26,161.58,151.60,153.61,154.35,171.22,171.47,178.63,170.38,177.14,169.21,172.96,166.65,178.02,173.66,185.44,172.15,183.39,194.80,179.95,169.62,161.40,155.74,164.35,169.97,167.90,171.74,177.87,191.20,183.46
TZA,Tanzania,MtCO2e,101.35,101.71,101.90,102.85,104.87,109.39,102.24,102.04,106.77,107.25,105.05,110.68,117.56,126.71,125.84,133.38,127.67,129.78,133.13,135.17,139.26,141.75,146.16,147.37,147.88,155.70,169.32,168.41,167.17,172.86,174.96,179.41,179.23
UKR,Ukraine,MtCO2e,869.58,815.29,724.24,633.70,533.47,505.47,434.48,410.97,383.05,377.90,367.02,393.04,400.07,425.85,400.63,388.35,396.68,410.48,396.54,335.45,354.77,392.03,382.94,376.25,330.04,264.19,280.55,247.68,264.24,253.51,246.31,239.08,165.61
NLD,Netherlands,MtCO2e,220.69,224.73,224.90,229.54,231.02,233.18,245.03,237.00,238.00,221.93,219.16,218.35,217.19,217.30,218.87,212.78,208.01,207.37,204.98,200.24,210.88,197.74,195.87,194.84,186.99,195.83,196.35,192.46,186.39,181.13,164.19,167.86,155.16
AGO,Angola,MtCO2e,76.01,76.69,78.08,80.78,83.82,88.32,91.81,91.16,101.29,99.08,92.63,118.63,121.73,128.47,133.30,136.59,134.17,142.06,148.47,151.04,156.86,155.93,156.56,158.20,157.99,164.65,160.64,160.74,143.70,152.37,139.08,141.11,139.42
BOL,Bolivia,MtCO2e,116.45,117.66,118.49,117.13,116.14,114.48,114.04,116.62,116.53,122.53,112.17,92.29,99.11,95.21,110.77,104.78,106.58,112.77,106.21,104.22,130.79,115.36,115.71,115.35,115.53,119.14,129.95,128.06,128.44,141.16,133.47,138.80,137.66
KWT,Kuwait,MtCO2e,42.50,10.62,35.36,52.55,60.96,60.63,60.17,62.69,66.96,68.90,76.34,78.99,80.48,86.94,92.56,101.98,105.47,102.86,109.62,108.18,110.63,117.57,120.58,123.70,121.99,125.07,129.85,126.97,129.71,127.40,121.39,128.19,133.25
SDN,Sudan,MtCO2e,71.95,72.83,76.75,78.97,84.03,85.35,91.01,99.11,106.27,110.80,111.15,99.38,104.82,107.22,110.82,116.09,115.51,121.06,121.31,123.03,121.15,123.88,125.61,126.42,127.35,130.79,133.36,133.23,133.88,134.23,133.48,135.12,133.01
QAT,Qatar,MtCO2e,17.19,20.29,19.63,22.47,25.03,25.89,28.68,36.42,38.06,41.48,42.58,42.20,46.09,50.23,54.26,56.29,62.72,70.31,75.96,77.80,88.33,98.99,107.94,109.08,115.23,118.72,120.74,122.60,121.68,123.68,121.82,124.04,129.39
TCD,Chad,MtCO2e,24.22,30.88,31.90,32.84,33.81,34.79,38.75,40.43,45.72,48.29,48.53,51.13,53.87,54.79,58.89,60.92,62.90,65.73,66.30,66.81,71.23,82.91,87.15,88.92,91.52,97.12,99.69,101.29,106.02,108.85,114.31,117.87,122.33
MOZ,Mozambique,MtCO2e,88.46,88.19,88.77,89.43,89.69,90.20,74.78,72.68,76.61,75.63,74.26,96.44,93.35,98.90,99.98,104.03,102.99,101.83,104.91,99.60,109.28,99.83,105.97,108.10,108.26,106.32,117.22,116.70,121.02,115.10,112.05,114.70,119.49
ZWE,Zimbabwe,MtCO2e,46.09,46.39,47.47,44.02,43.51,43.41,45.52,44.72,46.11,48.55,41.93,43.30,39.73,37.10,37.01,37.40,36.05,36.67,34.82,35.53,38.57,45.12,41.32,40.81,38.93,40.60,113.97,113.65,115.37,114.16,111.37,113.09,114.97
CZE,Czech Republic,MtCO2e,178.21,161.72,156.58,149.67,142.56,141.29,145.52,142.44,135.39,126.71,138.49,140.48,135.14,138.36,138.61,137.10,138.18,139.85,134.36,127.93,129.18,129.79,126.21,120.88,118.18,119.96,119.37,119.54,118.32,112.89,103.15,108.61,107.13
OMN,Oman,MtCO2e,21.38,25.54,25.45,27.15,29.36,32.97,33.97,35.37,34.34,37.29,41.53,45.22,46.85,48.81,48.01,47.94,55.80,58.43,58.18,61.59,65.74,72.62,80.95,84.82,88.41,92.59,93.70,93.95,98.12,99.16,95.24,101.09,106.92
LBY,Libya,MtCO2e,75.05,79.04,71.89,78.51,91.55,99.22,101.78,95.22,95.22,93.60,97.24,94.02,93.67,101.87,104.94,113.48,115.53,111.67,115.97,113.90,120.17,66.83,117.51,103.03,88.40,79.54,75.55,95.06,102.51,106.86,68.82,108.51,103.82
MAR,Morocco,MtCO2e,31.58,32.79,34.44,34.75,37.95,38.69,39.30,41.26,42.16,44.34,45.55,50.97,53.88,55.28,62.63,66.20,69.15,71.35,75.84,77.08,82.10,85.99,83.64,84.08,85.58,87.97,86.64,91.04,92.70,99.57,95.50,102.31,101.02
ZMB,Zambia,MtCO2e,63.64,64.04,64.35,64.03,63.46,63.38,51.46,52.07,53.42,51.92,48.40,56.86,59.50,68.28,70.21,71.72,64.55,67.08,71.11,67.51,76.81,92.03,95.29,95.46,95.64,101.59,100.75,102.13,101.36,102.63,99.06,96.55,99.02
ECU,Ecuador,MtCO2e,77.35,77.83,80.07,81.62,84.75,87.02,90.99,92.63,90.50,87.48,86.63,83.55,82.61,83.63,88.62,89.93,92.17,91.39,92.93,95.92,99.42,87.82,87.50,90.61,92.32,90.48,98.37,97.18,97.83,98.45,91.42,95.72,98.20
BEL,Belgium,MtCO2e,130.83,134.56,132.53,130.70,136.02,136.91,141.21,134.46,135.78,131.44,132.02,134.57,128.38,131.95,130.05,127.30,123.44,118.92,121.80,116.25,122.66,112.41,111.16,111.26,104.88,109.84,110.96,109.12,109.97,108.82,100.68,104.44,96.95
PRY,Paraguay,MtCO2e,76.87,74.10,73.59,74.17,74.36,76.06,75.54,76.36,76.00,78.87,73.19,89.65,90.23,91.59,89.08,90.52,90.24,94.01,91.31,93.34,95.60,108.42,109.42,109.95,110.97,110.41,89.33,91.92,90.28,92.73,92.82,93.00,89.92
BLR,Belarus,MtCO2e,134.63,129.39,115.21,102.31,89.06,81.28,81.64,82.23,80.42,78.53,76.08,82.41,81.99,82.78,86.05,87.42,90.47,88.89,92.19,89.13,93.85,99.99,101.81,102.18,101.54,96.72,90.93,92.61,95.78,94.12,91.67,91.73,89.10
ISR,Israel,MtCO2e,36.58,37.43,40.50,44.87,48.45,52.54,55.77,58.85,60.24,62.48,67.41,68.98,72.69,75.23,76.03,74.46,78.73,81.88,82.71,82.36,88.17,87.99,94.69,85.88,84.01,85.92,85.69,86.91,83.03,85.08,81.81,82.70,86.73
KEN,Kenya,MtCO2e,34.78,33.52,33.60,33.47,33.91,35.02,34.30,34.03,35.24,37.19,36.08,54.84,55.93,57.23,60.06,60.45,61.02,78.25,79.48,79.95,81.30,75.62,74.58,75.08,77.93,79.43,68.97,66.93,68.46,76.57,84.40,80.80,83.00
MNG,Mongolia,MtCO2e,54.35,56.59,54.34,53.12,51.30,52.29,51.75,54.00,53.64,53.78,54.97,51.55,49.65,49.40,49.21,52.01,54.94,57.73,57.86,59.07,56.35,59.29,62.52,65.01,67.44,68.76,71.42,74.65,76.62,80.04,76.63,78.87,82.01
ROU,Romania,MtCO2e,235.86,196.23,175.54,164.28,159.92,165.33,168.86,156.80,140.43,124.53,128.54,130.06,127.67,132.62,130.37,129.81,133.26,130.45,128.36,112.29,109.14,-168.84,-171.53,-180.87,-181.48,-179.39,80.95,84.29,85.62,84.13,77.62,83.39,79.09
KHM,Cambodia,MtCO2e,26.15,25.79,26.37,27.29,25.99,29.87,25.88,27.31,31.05,30.60,28.84,28.69,31.85,34.50,35.48,34.11,38.04,39.11,38.89,40.27,39.32,104.37,101.82,102.24,103.20,105.17,71.39,73.57,74.00,77.15,80.35,81.78,78.58
SYR,Syria,MtCO2e,126.00,147.16,163.34,174.26,178.85,187.26,185.79,184.68,188.90,189.19,185.82,193.18,204.62,201.17,171.15,177.01,176.17,177.16,178.62,173.90,173.41,163.73,112.01,72.98,67.17,63.01,61.64,68.24,71.70,75.05,77.14,78.75,78.29
PRK,North Korea,MtCO2e,162.89,154.85,139.88,129.87,118.05,109.27,97.57,94.21,87.41,92.02,95.77,94.25,90.64,92.45,95.32,99.34,100.89,85.79,93.77,89.33,86.73,69.97,68.58,58.89,62.91,53.01,57.15,94.39,86.01,93.67,88.66,75.44,78.01
GRC,Greece,MtCO2e,95.53,95.76,97.69,98.72,101.81,107.22,108.71,109.98,114.57,116.02,120.73,120.55,120.84,123.61,123.58,125.25,121.97,126.44,122.50,116.52,110.17,109.53,105.08,97.33,94.20,92.43,91.16,91.46,88.99,83.29,73.73,76.35,76.81
CMR,Cameroon,MtCO2e,79.42,88.44,88.32,85.73,82.94,82.51,84.32,85.31,89.44,88.23,89.73,75.08,75.58,78.77,75.95,78.55,75.33,75.32,75.67,75.34,75.66,67.20,67.43,69.23,70.62,72.68,73.74,73.32,74.08,75.12,76.55,75.60,76.19
CIV,Côte d'Ivoire,MtCO2e,70.08,73.10,76.06,79.04,82.19,83.13,84.14,85.86,86.60,88.74,88.72,54.88,55.56,53.41,52.96,54.94,54.72,54.87,55.03,54.21,54.83,54.82,56.55,58.05,58.11,58.27,60.71,62.63,63.23,65.65,67.55,73.21,75.78
SRB,Serbia,MtCO2e,80.72,70.24,64.94,59.13,55.48,61.98,69.60,74.56,74.33,55.88,57.85,29.30,33.00,36.36,41.89,34.51,37.05,36.10,34.47,31.71,32.10,69.54,64.90,65.36,57.09,63.93,68.43,69.22,67.69,67.95,69.23,67.51,68.81
NZL,New Zealand,MtCO2e,48.47,48.15,48.95,48.19,49.80,51.17,51.59,54.10,52.33,54.52,54.73,60.53,61.64,63.98,63.48,64.84,64.87,63.62,63.62,60.76,60.87,66.19,68.87,68.30,69.04,68.16,73.09,74.58,73.39,74.45,71.52,71.63,68.80
IRL,Ireland,MtCO2e,65.18,65.77,65.94,66.57,67.98,68.70,70.02,71.30,74.54,76.27,79.47,82.03,80.71,81.79,81.18,82.66,83.12,81.53,80.56,75.11,73.87,69.81,71.24,70.34,70.70,72.58,74.95,74.07,71.35,69.38,67.16,69.85,68.44
SSD,South Sudan,MtCO2e,39.60,40.50,42.97,44.93,46.97,47.84,51.09,54.91,58.98,60.88,61.05,53.65,56.20,57.54,58.78,60.80,58.59,61.63,61.60,62.48,60.73,60.80,64.44,64.81,66.83,66.92,70.45,67.86,74.37,65.02,74.45,70.46,67.42
SGP,Singapore,MtCO2e,36.63,38.10,39.08,43.87,45.78,45.89,47.03,46.87,46.87,47.84,52.37,52.55,52.07,48.88,50.05,47.07,47.15,48.01,48.64,49.67,53.12,55.72,55.28,56.21,57.19,58.73,58.91,61.82,60.12,60.64,59.80,62.56,64.41
AUT,Austria,MtCO2e,64.04,68.32,62.56,62.17,62.34,64.91,68.61,67.59,67.51,65.67,65.86,77.46,78.97,83.84,84.73,84.75,82.54,79.55,79.26,72.21,77.93,75.32,71.86,72.50,68.70,70.03,70.28,72.35,69.31,70.39,64.81,67.99,64.16
UGA,Uganda,MtCO2e,31.07,31.63,32.01,32.45,32.19,32.93,33.87,35.35,36.84,36.72,36.54,36.13,37.04,38.91,39.04,41.16,39.93,42.77,49.53,50.08,51.84,52.39,54.30,54.61,55.96,57.85,59.43,59.76,61.20,60.68,62.00,63.99,63.84
HUN,Hungary,MtCO2e,92.01,87.26,77.65,78.17,77.98,76.56,78.64,77.02,76.92,77.62,74.63,77.21,75.65,78.13,76.85,76.09,75.39,72.89,71.50,65.91,65.93,64.21,60.63,58.30,58.20,61.10,62.77,64.95,64.94,64.93,63.34,64.71,60.86
BFA,Burkina Faso,MtCO2e,24.51,24.94,25.29,25.59,25.93,26.41,27.65,28.27,29.22,29.13,30.56,32.44,33.25,36.83,37.59,38.33,38.38,39.12,40.09,40.82,42.50,32.46,33.13,33.87,34.39,35.70,55.55,56.54,57.49,58.46,54.48,60.34,60.42
BHR,Bahrain,MtCO2e,17.51,17.23,19.97,22.12,22.45,23.14,24.37,25.47,27.17,27.50,28.40,28.79,30.69,30.81,31.65,35.54,38.37,40.07,41.88,42.40,44.29,44.14,45.71,48.63,50.82,51.70,52.35,53.25,53.96,57.33,57.33,58.17,60.27
BWA,Botswana,MtCO2e,54.91,54.31,54.61,54.31,54.61,55.52,56.39,55.94,55.65,55.65,55.28,58.09,58.42,50.32,50.76,52.32,54.25,52.72,62.11,52.06,64.02,69.91,55.13,55.61,54.26,53.75,52.53,56.47,54.98,52.18,53.94,62.70,59.54
FIN,Finland,MtCO2e,44.69,44.64,41.53,42.76,49.38,45.39,51.84,49.93,46.33,45.82,44.67,65.86,68.23,76.53,72.73,60.37,72.12,70.10,61.77,58.41,66.60,19.07,13.45,14.13,10.05,6.52,70.52,67.92,69.36,66.48,61.60,61.77,59.43
NPL,Nepal,MtCO2e,25.05,24.88,25.80,25.92,27.50,28.40,28.46,29.02,29.88,31.29,31.69,29.66,28.94,30.52,30.58,31.49,30.79,31.74,33.02,34.77,36.45,44.68,44.41,46.29,47.43,46.34,53.67,53.83,56.18,56.10,58.45,60.23,56.72
CAF,Central African Republic,MtCO2e,49.05,49.37,49.45,49.51,49.65,49.80,36.16,39.65,45.06,41.25,42.38,52.53,46.91,62.31,51.67,59.98,57.21,61.09,59.26,46.73,55.95,59.63,55.72,53.56,50.01,50.81,60.21,54.42,55.33,53.15,53.52,54.25,55.53
AZE,Azerbaijan,MtCO2e,80.75,77.64,86.55,63.57,41.52,40.56,35.10,34.69,35.37,35.76,37.58,36.68,36.73,39.43,39.55,42.82,45.50,45.02,49.47,45.28,43.83,44.64,47.32,48.04,48.99,48.65,49.89,49.04,50.32,52.16,50.07,52.45,54.83
PRT,Portugal,MtCO2e,57.77,59.40,63.36,62.19,64.00,67.57,66.09,68.41,73.50,80.32,80.01,78.45,82.96,78.52,79.88,83.62,78.21,76.74,74.71,74.03,68.39,65.76,63.98,62.22,61.76,65.64,65.62,71.02,66.42,61.80,55.89,53.99,54.69
CHL,Chile,MtCO2e,27.71,26.58,28.23,30.88,34.90,38.56,44.88,52.01,52.94,55.72,51.64,31.13,31.99,33.36,39.02,40.02,41.36,48.63,52.44,49.77,54.54,16.53,19.25,22.56,15.26,21.43,48.90,51.62,50.57,56.81,50.08,51.41,53.01
PNG,Papua New Guinea,MtCO2e,27.81,26.51,27.44,28.69,28.67,30.30,30.09,45.21,30.85,32.02,33.10,32.72,33.47,33.65,34.88,33.76,33.72,33.49,33.09,33.23,33.10,40.22,39.97,40.31,43.54,47.92,48.04,48.05,48.31,49.02,50.15,49.97,50.41
MLI,Mali,MtCO2e,17.83,17.76,17.86,18.12,18.43,18.83,19.22,20.06,24.45,25.49,24.71,21.77,22.12,22.78,25.10,25.99,26.26,27.30,28.68,29.03,30.87,31.74,32.55,33.58,34.48,35.86,40.21,41.26,42.70,44.68,46.95,48.37,47.30
NER,Niger,MtCO2e,18.02,18.45,18.92,19.56,20.03,20.59,21.32,22.21,23.09,23.62,23.47,19.68,20.39,21.23,22.05,22.87,23.67,24.76,25.85,27.09,27.03,27.68,29.64,31.66,33.22,34.26,35.80,37.08,38.84,40.66,42.64,44.85,47.05
SOM,Somalia,MtCO2e,42.58,39.43,37.41,39.50,41.55,42.28,42.89,43.43,43.42,43.66,43.97,44.63,45.12,45.45,45.85,46.39,45.15,44.09,44.19,44.29,44.57,44.80,45.17,45.35,45.58,45.72,45.86,45.91,46.20,46.38,46.64,46.56,46.55
LAO,Laos,MtCO2e,20.22,20.12,20.44,20.45,20.83,20.88,20.96,20.61,22.43,21.04,21.52,21.97,23.26,23.87,28.73,25.78,24.58,30.40,25.30,26.69,30.87,23.17,25.32,26.41,26.68,31.39,39.93,41.10,41.37,42.29,45.35,46.05,45.91
SLB,Solomon Islands,MtCO2e,4.13,4.14,4.15,4.16,4.17,4.18,4.19,4.20,4.20,4.21,4.42,2.01,2.02,2.04,2.06,2.07,2.08,2.09,2.10,2.12,2.13,-17.38,-17.38,-17.34,-17.39,-17.42,45.81,45.81,45.82,45.82,45.82,45.82,45.81
DOM,Dominican Republic,MtCO2e,9.25,10.41,11.89,12.44,14.43,14.89,15.76,17.38,19.37,19.92,20.61,27.10,29.91,27.95,27.67,29.36,31.65,33.28,33.81,33.68,35.42,32.28,33.01,32.69,32.92,35.26,36.13,35.37,37.81,40.66,39.26,42.27,44.94
GTM,Guatemala,MtCO2e,29.99,30.35,31.61,32.22,32.36,33.44,33.78,34.05,37.84,36.74,39.07,35.65,37.56,39.88,38.41,41.18,40.15,42.14,40.91,42.83,42.66,37.29,38.04,39.44,40.51,43.64,40.98,40.57,42.48,43.81,42.57,45.39,44.40
MDG,Madagascar,MtCO2e,55.22,55.24,55.53,55.95,55.78,56.46,57.10,56.48,57.71,57.38,56.04,48.34,45.71,48.38,47.24,51.68,49.76,51.20,49.86,51.02,51.71,39.68,40.20,39.37,39.93,40.72,42.96,42.45,40.88,42.53,42.13,42.73,43.45
DNK,Denmark,MtCO2e,70.53,81.30,75.17,77.69,81.32,78.20,91.59,81.77,77.79,74.79,71.00,72.30,71.52,77.01,70.90,67.22,74.96,70.26,66.77,64.08,64.30,57.02,52.03,53.50,49.32,47.21,51.78,49.45,49.15,45.42,43.20,44.64,42.88
GIN,Guinea,MtCO2e,19.01,19.30,19.73,20.16,20.62,20.94,20.38,20.72,22.12,21.57,21.91,22.78,23.91,24.27,24.25,25.72,26.09,26.40,27.07,27.49,29.95,31.21,32.46,32.52,32.85,33.44,37.03,37.43,37.23,38.92,40.18,39.67,41.52
CHE,Switzerland,MtCO2e,53.86,56.07,55.93,53.61,52.67,53.57,54.17,52.70,54.15,54.28,53.53,54.24,52.63,53.73,54.21,54.92,54.58,52.63,54.15,52.56,54.20,50.18,51.44,52.48,48.59,47.86,48.25,47.32,45.95,45.72,43.15,44.87,41.47
TUN,Tunisia,MtCO2e,22.47,23.14,24.64,25.04,24.55,24.78,26.33,26.75,28.10,29.16,30.31,30.88,31.12,31.22,32.82,33.56,34.76,36.62,37.01,37.47,39.70,43.39,45.85,46.54,48.07,47.89,39.24,39.78,40.09,39.61,39.20,41.12,40.26
NIC,Nicaragua,MtCO2e,30.00,28.55,29.58,30.35,30.72,30.03,30.01,30.89,31.86,32.46,33.04,37.16,37.61,38.78,38.22,38.81,38.98,39.14,39.03,39.08,39.51,27.98,28.33,28.62,29.55,30.47,39.33,39.18,39.05,39.51,39.49,39.88,40.16
LKA,Sri Lanka,MtCO2e,23.51,23.03,27.92,31.14,35.04,33.10,33.12,31.29,28.83,28.36,27.71,25.45,26.32,27.70,27.89,30.02,28.56,29.55,29.96,29.28,30.73,31.01,32.81,29.91,32.35,34.75,39.37,38.17,37.55,39.90,39.53,39.62,37.42
SEN,Senegal,MtCO2e,17.27,17.52,18.37,18.89,19.41,19.84,21.48,22.04,23.33,25.59,25.49,23.91,23.26,22.23,23.94,24.32,24.85,24.97,25.90,26.63,27.61,26.56,26.00,26.98,27.57,28.16,30.29,30.44,30.88,31.87,32.80,34.98,36.62
URY,Uruguay,MtCO2e,16.03,17.67,19.32,19.88,19.75,19.93,21.24,20.91,21.21,22.23,20.28,23.15,23.58,24.47,26.34,26.51,28.67,27.59,30.22,29.74,27.21,31.83,32.49,31.44,30.92,30.79,36.13,35.29,35.06,35.35,33.29,36.32,35.22
SVK,Slovakia,MtCO2e,57.80,49.76,47.15,44.44,41.55,42.04,41.98,41.81,40.60,39.11,36.45,38.03,37.35,37.51,36.82,37.55,37.03,36.08,36.00,32.48,34.19,33.31,31.28,31.79,29.13,29.42,36.74,38.71,38.02,36.02,33.89,36.95,34.26
SWE,Sweden,MtCO2e,74.54,75.16,77.76,77.69,79.52,79.13,84.70,78.51,79.34,78.08,74.17,59.49,60.85,61.91,60.60,56.98,55.48,53.52,52.34,48.59,54.32,39.35,36.58,34.78,33.59,33.54,38.51,38.36,36.35,35.80,34.51,36.81,34.15
JOR,Jordan,MtCO2e,13.89,13.90,18.95,21.84,25.17,24.62,23.65,22.96,21.96,20.83,21.18,21.35,22.20,22.79,24.29,25.87,26.27,27.42,26.66,27.29,26.94,27.49,31.04,30.91,32.83,32.83,32.62,34.23,33.25,31.71,29.68,30.87,32.78
COG,Congo,MtCO2e,19.49,19.49,19.93,19.54,18.49,19.28,19.54,20.37,21.82,22.47,22.58,21.88,19.60,21.10,21.82,23.89,25.78,23.04,23.67,25.03,27.22,27.47,25.23,26.01,25.48,26.08,26.73,27.26,30.27,31.49,30.69,29.47,31.71
NOR,Norway,MtCO2e,34.90,32.21,32.48,34.98,37.01,36.80,36.79,38.54,39.79,41.83,36.26,28.72,28.12,30.26,30.55,29.51,29.90,30.30,30.77,29.93,32.11,34.97,34.58,35.29,35.14,35.86,35.04,34.71,34.12,32.73,31.09,31.38,30.76
AFG,Afghanistan,MtCO2e,11.26,9.81,9.37,9.64,9.78,10.22,11.34,12.36,13.23,14.21,12.29,12.96,15.81,16.59,16.21,17.45,17.90,18.63,21.61,24.35,28.61,31.86,30.09,29.30,29.58,29.66,29.11,29.75,30.89,31.14,32.08,30.81,30.72
YEM,Yemen,MtCO2e,28.84,30.76,30.96,34.69,46.54,48.22,48.96,51.67,53.40,57.50,63.21,64.85,64.97,68.00,67.18,69.41,68.30,66.22,64.52,66.71,67.65,58.53,51.92,61.61,57.17,30.04,23.86,25.54,29.38,31.04,30.08,30.04,29.14
CUB,Cuba,MtCO2e,44.11,35.30,29.57,26.46,28.29,29.27,31.81,33.92,33.37,33.71,34.02,33.56,32.55,30.22,29.50,29.50,30.43,31.26,30.58,31.54,32.64,30.15,31.13,31.39,29.24,31.12,38.71,37.43,37.79,33.11,28.55,31.38,28.86
HND,Honduras,MtCO2e,18.60,18.69,19.08,18.91,19.69,20.43,19.87,20.31,20.78,19.17,19.67,19.42,19.73,22.58,21.65,22.42,22.69,23.48,23.77,23.82,23.79,26.70,26.58,27.28,27.35,28.19,27.06,25.83,26.07,27.06,27.49,27.22,27.45
BEN,Benin,MtCO2e,19.81,19.92,20.05,20.13,20.42,20.22,21.92,22.27,23.37,23.29,23.41,17.80,18.87,18.93,19.08,20.28,20.61,21.37,21.09,21.77,21.97,22.07,22.00,22.68,23.16,23.57,25.27,25.45,26.71,27.16,27.37,25.67,26.35
PAN,Panama,MtCO2e,13.84,14.31,15.16,15.52,15.91,16.08,16.04,15.94,16.97,16.08,15.98,15.89,15.14,15.45,15.43,17.12,17.66,17.73,17.57,19.33,20.40,21.48,21.98,21.91,22.39,22.28,22.50,22.09,23.21,27.75,23.62,24.73,25.88
BIH,Bosnia and Herzegovina,MtCO2e,33.99,31.26,25.46,22.16,11.70,11.55,12.35,17.05,19.76,19.91,23.72,20.27,20.41,20.74,21.87,22.58,24.39,25.49,27.48,27.43,27.47,26.34,24.64,24.24,21.70,21.93,26.62,27.09,27.23,25.50,25.52,25.22,25.75
LTU,Lithuania,MtCO2e,51.03,52.76,38.65,32.61,30.74,29.11,29.66,29.39,30.16,27.34,25.51,25.21,25.55,25.71,26.47,27.40,27.65,28.13,27.77,25.93,27.14,20.25,20.49,19.71,19.35,19.65,25.18,25.11,24.93,25.07,25.02,25.37,24.53
TTO,Trinidad and Tobago,MtCO2e,22.75,22.17,21.90,17.00,12.94,12.46,13.49,13.78,13.96,14.34,15.11,16.88,18.73,22.61,23.71,25.96,29.42,30.02,29.84,28.87,31.94,32.74,32.00,32.93,32.83,31.86,28.20,28.30,28.04,27.59,25.29,23.18,24.15
NAM,Namibia,MtCO2e,false,19.93,19.88,19.84,20.13,20.24,20.16,20.01,20.72,20.75,21.53,21.16,20.01,20.62,21.13,21.99,23.32,22.58,21.08,24.17,22.92,28.13,29.69,22.27,21.46,21.70,22.53,22.60,21.76,20.80,23.46,24.51,22.23
GAB,Gabon,MtCO2e,16.99,18.19,18.25,18.44,19.69,21.00,22.01,21.88,22.93,21.75,20.99,20.48,19.79,21.30,21.03,20.62,19.16,18.44,19.17,19.00,19.89,23.08,22.62,22.66,22.97,23.37,23.55,22.13,21.35,22.44,22.11,21.49,22.19
MWI,Malawi,MtCO2e,11.52,11.69,11.69,11.82,11.45,11.66,11.70,11.58,11.82,11.81,11.78,11.88,12.20,12.71,12.54,12.87,12.77,13.31,13.87,13.68,14.85,14.77,15.26,15.30,15.80,16.16,16.59,16.62,18.39,19.35,19.95,19.89,20.40
GUY,Guyana,MtCO2e,7.93,8.01,8.02,8.83,9.14,9.86,10.13,10.41,10.56,10.54,10.19,10.94,10.83,11.13,11.39,11.03,10.83,11.15,11.29,11.33,11.59,19.31,19.54,19.71,19.95,20.05,17.30,17.44,17.55,17.90,18.83,18.76,19.91
GEO,Georgia,MtCO2e,28.32,19.72,13.60,8.91,2.26,-0.35,-2.39,-3.71,-4.75,-5.49,-5.60,6.67,6.17,6.76,6.70,7.10,8.94,9.88,8.71,8.10,8.40,13.71,14.88,15.54,16.27,16.55,16.88,16.78,16.36,17.19,17.07,17.76,19.39
HRV,Croatia,MtCO2e,27.82,21.61,20.90,20.65,19.79,20.21,20.72,22.07,22.59,23.51,23.04,24.21,25.47,26.88,26.83,27.11,27.79,29.32,28.51,26.16,25.65,24.75,22.86,21.88,21.18,21.84,19.19,20.00,18.92,19.10,18.32,18.92,19.24
BGR,Bulgaria,MtCO2e,73.70,56.71,51.01,49.54,45.60,46.99,47.70,44.65,41.13,34.43,33.93,34.45,32.14,37.32,36.14,36.20,36.31,40.51,38.09,30.66,32.43,49.68,44.06,38.94,41.59,44.03,19.41,21.56,18.24,16.38,11.24,17.06,19.19
MRT,Mauritania,MtCO2e,8.30,8.58,8.53,8.82,8.76,9.01,9.63,9.93,10.33,10.93,11.27,11.74,12.04,12.06,12.16,12.02,13.39,13.52,12.52,13.97,14.43,14.55,15.36,15.35,16.18,17.76,15.76,16.25,16.58,17.34,17.99,18.41,18.60
TJK,Tajikistan,MtCO2e,18.56,17.50,17.34,13.03,10.11,9.17,8.28,8.56,8.42,8.07,7.86,7.27,7.74,7.31,8.24,8.18,8.75,9.71,9.57,9.18,9.23,8.34,9.17,9.58,11.14,11.74,13.18,14.31,15.71,17.07,17.59,17.86,18.30
EST,Estonia,MtCO2e,41.29,38.32,28.92,23.59,23.58,21.53,22.32,21.90,20.57,19.98,19.53,19.81,19.39,21.28,21.54,21.44,20.79,24.49,22.22,18.72,23.23,18.38,16.89,18.87,17.51,14.37,23.83,24.76,23.75,18.09,15.06,16.34,17.93
GHA,Ghana,MtCO2e,24.22,24.29,24.69,24.81,25.01,25.45,26.61,27.95,31.38,30.29,29.92,63.60,64.72,64.68,63.83,65.94,67.14,67.32,67.01,68.14,69.77,55.61,57.36,59.63,59.13,60.71,6.37,9.62,10.77,12.50,16.93,17.03,17.75
KGZ,Kyrgyzstan,MtCO2e,30.61,28.12,20.83,16.27,11.64,8.82,9.60,9.32,9.57,8.36,8.46,9.00,10.36,11.52,12.05,12.16,12.09,13.25,14.73,14.55,13.80,13.23,15.91,15.48,15.87,16.21,13.28,13.50,15.82,14.72,14.06,15.50,15.83
LBN,Lebanon,MtCO2e,6.68,8.16,8.49,12.16,13.36,15.65,16.68,18.87,19.21,20.17,18.98,20.38,20.46,21.24,21.88,21.40,20.52,19.52,23.38,26.84,25.98,26.48,29.01,27.44,29.54,31.55,32.49,34.10,32.43,32.09,26.99,21.94,15.70
SVN,Slovenia,MtCO2e,8.08,7.08,6.74,7.45,7.48,8.31,9.11,9.59,9.34,8.69,8.51,7.32,7.37,7.34,7.53,7.76,8.07,8.02,9.01,7.02,7.31,16.15,15.53,14.90,13.40,13.48,17.28,17.45,17.29,16.88,15.65,15.91,15.53
LBR,Liberia,MtCO2e,14.33,14.22,14.26,14.25,14.24,14.25,14.16,14.20,14.27,14.17,14.20,14.19,14.22,14.37,14.40,14.46,14.78,14.54,14.53,15.53,14.78,14.95,15.03,15.01,15.27,16.03,14.83,14.83,14.72,15.39,14.95,14.91,14.97
SLV,El Salvador,MtCO2e,8.46,9.25,9.85,10.44,11.16,11.43,11.39,12.24,12.36,12.58,11.62,12.31,12.60,13.20,13.59,14.01,14.56,15.09,14.57,14.24,13.99,13.82,14.01,13.21,13.46,13.89,13.81,12.96,13.33,14.18,12.85,14.00,14.81
SUR,Suriname,MtCO2e,5.93,6.27,6.38,6.38,6.40,6.51,6.65,6.59,6.62,6.49,5.76,6.17,5.59,5.84,6.19,6.41,6.31,6.18,6.33,6.42,6.73,11.25,11.71,11.55,11.94,12.03,13.44,12.92,12.56,13.15,13.10,13.19,13.35
MDA,Moldova,MtCO2e,38.74,32.69,27.69,24.17,21.07,18.96,17.03,15.32,13.80,12.20,11.34,10.87,11.03,11.63,11.62,12.00,11.64,11.89,11.82,11.13,12.11,12.87,12.54,11.64,12.20,12.30,13.08,13.03,13.62,13.83,13.38,14.30,12.60
GNQ,Equatorial Guinea,MtCO2e,4.11,4.32,5.56,5.71,5.84,6.01,6.40,8.07,9.37,11.14,10.49,13.17,12.90,14.27,18.34,18.97,18.86,19.39,18.52,16.41,16.78,15.89,16.05,15.69,17.16,16.19,15.30,14.21,13.75,13.07,13.11,12.38,12.20
BRN,Brunei,MtCO2e,6.34,6.57,6.97,7.49,7.82,8.22,8.37,9.01,12.51,8.14,8.60,8.53,8.55,9.72,9.18,9.03,11.78,11.25,12.16,11.91,11.20,10.52,10.44,10.19,10.12,9.29,9.91,10.29,10.53,10.29,12.63,12.61,11.93
JAM,Jamaica,MtCO2e,9.27,9.26,10.19,10.46,10.56,10.91,11.26,11.41,11.98,12.29,12.43,9.58,9.77,10.20,10.11,10.07,11.29,11.21,8.79,7.08,6.69,9.41,8.87,9.33,9.12,9.01,9.49,9.86,11.41,11.49,10.35,11.02,11.90
MKD,North Macedonia,MtCO2e,13.43,13.08,12.62,12.96,12.80,12.72,14.30,13.16,13.93,13.00,12.70,12.72,12.13,12.90,12.66,12.95,12.95,13.46,13.26,12.57,12.47,13.43,12.99,12.05,11.72,11.46,11.33,11.85,11.34,12.24,11.10,11.05,11.79
HTI,Haiti,MtCO2e,6.07,6.31,6.76,6.39,6.04,6.84,7.13,7.58,7.72,7.86,8.38,8.37,8.64,8.68,8.55,8.67,8.74,9.16,9.21,9.25,9.81,10.72,10.52,10.80,11.20,11.55,11.78,11.79,11.97,11.86,11.61,11.63,11.59
ARM,Armenia,MtCO2e,24.94,25.53,15.21,9.03,6.50,7.04,5.91,6.56,6.48,5.90,6.21,6.31,5.98,6.41,6.80,7.53,7.90,8.56,9.06,7.90,7.72,8.26,9.41,9.33,9.36,9.14,9.58,9.56,9.87,9.98,10.60,11.25,11.57
LVA,Latvia,MtCO2e,15.28,13.58,10.93,7.70,4.64,3.06,3.06,2.51,2.10,1.55,0.96,0.28,0.32,0.62,0.61,0.77,1.29,1.73,1.46,0.72,1.87,12.39,12.16,12.08,11.96,11.98,11.67,11.63,12.12,11.98,11.34,11.51,10.85
SLE,Sierra Leone,MtCO2e,6.32,6.30,6.36,6.49,6.49,6.36,6.07,6.09,6.19,5.92,5.90,6.12,6.57,7.18,7.48,7.63,8.78,7.94,7.75,8.05,8.12,8.60,9.47,9.63,10.02,10.07,10.02,9.97,10.56,9.44,9.57,10.70,10.41
TGO,Togo,MtCO2e,6.53,6.36,6.05,5.91,6.18,6.14,6.74,6.47,7.40,7.83,7.29,5.15,5.59,6.25,6.04,6.93,6.40,6.08,6.40,7.91,7.72,8.16,7.73,7.61,7.07,7.80,8.22,7.83,8.22,8.59,9.34,9.47,10.10
RWA,Rwanda,MtCO2e,6.17,6.15,6.10,6.03,5.68,6.66,7.00,7.86,7.74,8.04,7.15,7.09,7.31,7.42,7.53,7.37,7.69,7.86,8.11,8.27,8.59,7.59,7.77,7.97,7.96,8.64,8.47,8.68,8.93,9.12,9.32,9.45,9.80
CRI,Costa Rica,MtCO2e,11.29,11.61,12.75,12.85,13.23,12.80,12.61,12.63,13.33,13.16,12.96,10.37,10.40,10.78,10.81,11.36,11.75,13.19,13.37,12.99,13.17,6.98,6.97,7.46,7.40,7.36,8.29,8.50,8.76,8.77,7.42,8.68,9.06
ALB,Albania,MtCO2e,10.59,8.25,6.31,6.43,7.43,7.42,7.17,6.45,6.69,7.94,8.35,6.94,7.57,8.01,8.16,7.95,7.95,8.03,7.70,7.94,8.41,9.09,8.57,8.82,9.28,8.97,9.43,10.23,10.05,9.63,9.09,9.32,8.61
CYP,Cyprus,MtCO2e,5.37,5.91,6.35,6.62,6.88,6.77,7.17,7.25,7.59,7.86,8.13,7.86,8.08,8.76,8.70,8.82,8.94,9.27,9.48,9.30,8.96,8.66,8.13,7.43,7.83,7.90,8.36,8.55,8.41,8.45,8.05,8.21,8.28
LUX,Luxembourg,MtCO2e,11.63,12.12,11.81,12.02,11.18,9.03,9.12,8.62,7.94,8.34,8.97,9.58,10.35,10.77,12.21,12.45,12.25,11.66,11.58,11.00,11.59,11.74,11.51,11.00,10.48,9.97,9.65,9.83,10.12,10.30,8.63,8.98,7.84
BDI,Burundi,MtCO2e,6.47,6.52,6.51,6.48,6.38,6.54,6.57,6.63,6.55,6.64,6.68,4.57,4.55,4.53,4.58,4.66,4.79,4.83,4.95,5.09,5.36,0.61,0.66,1.06,1.01,0.99,6.30,6.89,7.07,6.68,6.57,7.01,7.18
ERI,Eritrea,MtCO2e,4.11,4.11,5.18,4.75,4.93,5.07,5.64,6.15,5.96,6.14,6.26,5.98,5.94,6.10,6.05,6.04,5.84,6.15,6.10,6.16,6.09,6.34,6.40,6.42,6.46,6.48,6.61,6.66,6.79,6.84,6.88,6.94,7.03
MUS,Mauritius,MtCO2e,2.27,2.36,2.46,2.63,2.71,2.78,2.96,3.06,3.34,3.86,4.22,4.58,4.58,4.77,4.82,5.02,5.70,5.82,5.92,5.89,6.15,6.07,6.18,6.25,6.44,6.46,6.57,6.76,6.76,6.85,6.43,6.72,6.81
BLZ,Belize,MtCO2e,13.79,14.02,14.14,14.29,14.44,13.21,11.93,10.80,9.68,8.41,7.29,4.03,4.12,4.43,3.97,4.14,4.14,4.33,4.24,4.33,4.38,7.05,6.49,6.71,6.57,6.82,6.55,6.58,6.51,6.71,6.69,6.56,6.52
GNB,Guinea-Bissau,MtCO2e,3.17,3.18,3.23,3.27,3.30,3.36,3.04,3.10,3.37,3.76,3.46,3.80,4.00,4.06,3.99,3.93,4.36,4.32,4.09,4.04,4.15,4.06,4.62,4.33,4.41,4.63,4.31,4.25,4.40,4.52,4.56,4.40,4.55
ATG,Antigua and Barbuda,MtCO2e,0.41,0.44,0.47,0.51,0.55,0.58,0.70,0.83,0.94,1.07,1.18,1.17,1.31,1.46,1.61,1.76,2.06,2.33,2.59,2.87,3.09,3.14,3.21,3.26,3.33,3.39,3.44,3.48,3.52,3.57,3.58,3.94,4.32
GMB,Gambia,MtCO2e,6.26,6.44,6.66,6.86,6.34,5.81,5.26,4.68,4.14,3.83,3.21,2.85,2.84,2.93,3.05,3.11,3.20,3.25,3.41,3.81,3.86,3.52,3.61,3.68,3.82,4.04,3.94,3.89,3.75,3.93,3.92,3.77,3.91
LSO,Lesotho,MtCO2e,3.01,3.06,3.27,3.28,3.31,3.23,3.24,3.36,3.24,3.73,3.66,3.67,3.48,3.56,3.53,3.72,3.67,3.77,3.73,3.85,3.88,4.64,4.67,3.84,3.96,3.74,3.69,4.12,3.83,3.71,3.21,4.51,3.86
BRB,Barbados,MtCO2e,3.41,3.46,3.42,3.40,3.52,3.57,3.62,3.74,3.55,3.63,3.64,3.63,3.63,3.69,3.74,3.79,3.85,3.87,4.17,4.14,4.04,4.10,4.04,4.04,3.86,3.84,3.90,3.91,4.03,4.00,3.83,3.78,3.85
TLS,East Timor,MtCO2e,0.94,1.02,1.01,1.05,1.13,1.15,1.17,1.18,1.26,1.26,1.86,2.49,2.95,2.46,1.47,2.96,5.28,5.75,6.37,6.33,5.88,5.88,6.10,5.96,5.62,6.35,5.51,5.18,5.23,5.27,5.57,5.18,3.70
MNE,Montenegro,MtCO2e,3.28,2.68,2.69,2.38,2.36,2.44,2.83,2.94,3.09,2.27,2.34,-1.67,-1.58,-1.13,-0.87,-0.95,-0.73,-0.76,-0.34,-1.44,-0.57,3.42,3.23,3.13,3.08,3.24,3.01,3.16,3.37,3.45,3.38,3.39,3.48
ISL,Iceland,MtCO2e,4.13,4.02,3.83,3.81,3.89,3.81,4.09,4.04,4.15,4.13,4.17,4.01,4.09,4.04,4.08,4.01,4.46,4.48,4.35,4.04,3.91,3.70,3.67,3.84,3.81,3.90,3.48,3.50,3.55,3.47,3.28,3.39,3.43
SWZ,Eswatini,MtCO2e,3.33,3.33,3.18,2.87,3.62,3.57,3.32,3.34,3.48,3.48,3.27,3.09,3.17,3.19,3.20,3.18,3.10,3.36,3.26,3.09,2.83,2.76,2.76,2.93,2.96,2.93,3.01,2.97,2.94,3.10,2.87,2.94,3.07
BHS,Bahamas,MtCO2e,2.10,2.17,2.03,1.91,1.93,2.01,2.04,1.83,2.24,2.28,2.30,2.10,2.15,2.17,2.23,2.06,2.00,2.01,2.13,2.35,2.42,2.35,2.22,2.26,2.25,2.43,2.47,2.76,2.63,2.73,2.25,2.71,2.81
MLT,Malta,MtCO2e,2.54,2.45,2.42,3.07,2.77,2.64,2.59,2.75,2.65,2.70,2.43,2.80,2.64,2.94,2.94,3.00,3.07,3.16,3.09,2.89,2.97,2.96,3.14,2.81,2.81,2.13,1.85,2.09,2.14,2.26,2.23,2.28,2.44
MDV,Maldives,MtCO2e,0.19,0.19,0.26,0.25,0.26,0.32,0.35,0.42,0.40,0.52,0.56,0.59,0.74,0.66,0.84,0.79,0.95,1.00,1.07,1.14,1.20,1.26,1.40,1.40,1.64,1.60,1.78,1.89,2.14,2.37,2.13,2.44,2.38
DJI,Djibouti,MtCO2e,0.94,0.95,0.97,0.99,1.02,1.08,1.11,1.15,1.23,1.27,1.25,1.27,1.30,1.33,1.32,1.36,1.37,1.41,1.43,1.41,1.49,1.30,1.30,1.39,1.44,1.54,1.46,1.47,1.54,1.60,1.53,1.61,1.69
SYC,Seychelles,MtCO2e,0.19,0.21,0.22,0.25,0.28,0.28,0.32,0.36,0.38,0.40,0.38,0.42,0.46,0.46,0.51,0.51,0.53,0.56,0.58,0.62,0.62,0.59,0.61,0.60,0.66,0.70,0.78,0.80,0.84,0.85,0.86,0.88,0.92
BTN,Bhutan,MtCO2e,-5.70,-6.21,-6.20,-6.22,-6.18,-6.13,-6.07,-5.98,-5.97,-5.95,-5.98,-5.93,-5.92,-5.90,-5.94,-5.87,-5.50,-5.43,-5.20,-5.21,-4.94,0.48,0.67,0.73,0.84,0.96,1.08,1.19,1.22,1.08,0.70,0.96,0.85
COM,Comoros,MtCO2e,0.33,0.27,0.27,0.27,0.28,0.28,0.28,0.29,0.30,0.31,0.30,0.31,0.31,0.33,0.35,0.38,0.36,0.30,0.31,0.33,0.35,0.33,0.34,0.38,0.36,0.37,0.40,0.46,0.49,0.52,0.58,0.71,0.75
CPV,Cabo Verde,MtCO2e,-0.23,-0.24,-0.20,-0.21,-0.22,-0.13,-0.15,-0.13,-0.10,-0.05,-0.05,0.42,0.45,0.48,0.50,0.51,0.59,0.53,0.53,0.57,0.61,0.63,0.59,0.57,0.57,0.58,0.62,0.64,0.64,0.70,0.60,0.63,0.67
AND,Andorra,MtCO2e,0.44,0.45,0.45,0.46,0.45,0.48,0.51,0.52,0.55,0.57,0.59,0.59,0.61,0.62,0.65,0.68,0.68,0.68,0.67,0.65,0.65,0.62,0.62,0.61,0.59,0.60,0.60,0.61,0.64,0.63,0.53,0.56,0.57
VUT,Vanuatu,MtCO2e,0.42,0.44,0.45,0.48,0.49,0.49,0.49,0.50,0.50,0.51,0.50,0.46,0.45,0.47,0.48,0.49,0.49,0.57,0.59,0.59,0.61,0.63,0.62,0.61,0.67,0.59,0.51,0.47,0.50,0.49,0.53,0.54,0.54
WSM,Samoa,MtCO2e,0.35,0.36,0.36,0.38,0.37,0.38,0.40,0.39,0.42,0.41,0.42,0.45,0.45,0.46,0.46,0.47,0.47,0.47,0.45,0.47,0.50,0.52,0.52,0.53,0.54,0.58,0.57,0.57,0.54,0.55,0.50,0.54,0.52
LCA,Saint Lucia,MtCO2e,0.12,0.13,0.15,0.17,0.97,0.87,0.77,0.66,0.58,0.48,0.36,0.40,0.39,0.41,0.44,0.43,0.46,0.47,0.47,0.48,0.54,0.42,0.43,0.43,0.43,0.42,0.43,0.45,0.45,0.44,0.42,0.45,0.48
STP,São Tomé and Principe,MtCO2e,0.07,0.07,0.07,0.07,0.07,0.08,0.08,0.08,0.08,0.08,0.08,0.08,0.09,0.10,0.11,0.11,0.12,0.12,0.13,0.13,0.15,0.35,0.36,0.36,0.38,0.39,0.41,0.41,0.41,0.40,0.40,0.41,0.42
GRD,Grenada,MtCO2e,0.14,0.15,0.15,0.16,2.13,0.18,0.20,0.21,0.23,0.23,0.23,0.24,0.24,0.26,0.25,0.26,0.27,0.29,0.30,0.31,0.31,0.30,0.32,0.36,0.31,0.33,0.34,0.37,0.37,0.40,0.35,0.38,0.39
TON,Tonga,MtCO2e,0.19,0.20,0.19,0.19,0.27,0.27,0.24,0.25,0.24,0.26,0.24,0.23,0.24,0.26,0.25,0.25,0.26,0.23,0.23,0.24,0.22,0.21,0.22,0.22,0.22,0.22,0.23,0.24,0.24,0.27,0.30,0.30,0.30
VCT,Saint Vincent and the Grenadines,MtCO2e,0.12,0.12,0.12,0.15,0.16,0.17,0.17,0.18,0.22,0.23,0.22,0.30,0.30,0.31,0.33,0.26,0.26,0.28,0.27,0.33,0.27,0.26,0.28,0.26,0.30,0.28,0.29,0.26,0.29,0.27,0.28,0.28,0.29
KNA,Saint Kitts and Nevis,MtCO2e,0.14,0.14,0.14,0.14,0.21,0.16,0.17,0.17,0.19,0.20,0.21,0.22,0.23,0.23,0.25,0.23,0.24,0.26,0.25,0.26,0.26,0.27,0.25,0.25,0.25,0.26,0.27,0.27,0.27,0.27,0.26,0.26,0.28
DMA,Dominica,MtCO2e,0.18,0.18,0.18,0.18,0.26,0.26,0.23,0.24,0.24,0.23,0.25,0.20,0.16,0.17,0.20,0.21,0.22,0.25,0.24,0.26,0.24,0.23,0.24,0.24,0.24,0.26,0.24,0.23,0.22,0.23,0.22,0.22,0.23
PLW,Palau,MtCO2e,0.00,0.00,0.20,0.20,0.21,0.21,0.21,0.21,0.21,0.21,0.22,0.22,0.22,0.22,0.22,0.23,0.23,0.23,0.21,0.21,0.22,0.22,0.23,0.23,0.22,0.21,0.20,0.22,0.22,0.22,0.22,0.21,0.21
FSM,Micronesia,MtCO2e,0.01,0.04,0.18,0.19,0.20,0.23,0.23,0.24,0.25,0.24,0.23,0.21,0.20,0.21,0.19,0.16,0.16,0.18,0.16,0.20,0.15,0.17,0.18,0.19,0.19,0.20,0.20,0.20,0.20,0.20,0.20,0.20,0.19
LIE,Liechtenstein,MtCO2e,0.22,0.25,0.25,0.26,0.25,0.25,0.25,0.27,0.28,0.27,0.27,0.27,0.28,0.29,0.29,0.29,0.29,0.26,0.28,0.27,0.25,0.21,0.22,0.23,0.20,0.19,0.18,0.19,0.18,0.18,0.18,0.18,0.18
MHL,Marshall Islands,MtCO2e,false,false,0.08,0.08,0.09,0.09,0.09,0.09,0.10,0.10,0.10,0.11,0.12,0.11,0.12,0.12,0.13,0.13,0.13,0.14,0.14,0.14,0.14,0.14,0.14,0.15,0.15,0.15,0.15,0.15,0.15,0.15,0.14
KIR,Kiribati,MtCO2e,0.03,0.03,0.03,0.04,0.05,0.04,0.04,0.04,0.04,0.04,0.05,0.04,0.05,0.05,0.06,0.06,0.07,0.07,0.06,0.06,0.07,0.07,0.07,0.08,0.07,0.07,0.07,0.09,0.09,0.09,0.09,0.09,0.09
COK,Cook Islands,MtCO2e,0.03,0.03,0.03,0.04,0.07,0.04,0.05,0.05,0.06,0.05,0.05,0.07,0.06,0.06,0.07,0.07,0.08,0.08,0.08,0.08,0.09,0.09,0.10,0.09,0.10,0.09,0.09,0.09,0.09,0.09,0.08,0.08,0.08
NRU,Nauru,MtCO2e,0.13,0.13,0.12,0.12,0.12,0.11,0.11,0.11,0.11,0.10,0.10,0.09,0.09,0.08,0.07,0.07,0.05,0.05,0.05,0.05,0.05,0.04,0.04,0.05,0.05,0.06,0.05,0.06,0.06,0.06,0.06,0.06,0.06
TUV,Tuvalu,MtCO2e,0.01,0.01,0.01,0.01,0.01,0.01,0.01,0.01,0.02,0.01,0.01,0.02,0.02,0.02,0.02,0.02,0.02,0.02,0.02,0.02,0.02,0.02,0.02,0.02,0.02,0.02,0.02,0.02,0.02,0.02,0.02,0.02,0.02
NIU,Niue,MtCO2e,0.01,0.01,0.01,0.01,0.01,0.01,0.01,0.01,0.02,0.02,0.02,0.02,0.02,0.03,0.03,0.03,0.03,0.03,0.04,0.04,0.01,0.00,0.00,0.00,0.00,0.01,0.01,0.01,0.01,0.01,0.01,0.01,0.01
FJI,Fiji,MtCO2e,-0.89,-0.87,-0.82,-0.76,-0.61,-0.55,-0.50,-0.51,-0.55,-0.58,-0.55,-0.31,-0.50,-0.36,-0.05,-0.42,-0.30,-0.36,-0.64,-0.73,-0.43,-0.52,-0.55,-0.41,-0.80,-0.74,-0.80,-0.61,-0.55,-0.42,-0.86,-0.85,-0.85
Data source,Climate Watch
Data for,Location: World. Sectors/Subsectors: Total including LUCF. Gases: All GHG. Calculation: Total. Show data by Countries