,Country,ISO3,Year,Environmental Taxes (Percent of GDP),Taxes on Energy (including fuel for transport) (Percent of GDP),Taxes on Pollution (Percent of GDP),Taxes on Resources (Percent of GDP),Taxes on Transport (excluding fuel for transport) (Percent of GDP)
5,Albania,ALB,2015,3.06720620873782,2.63131412607172,0.124246022707549,0.0022691448973693,0.309376915061182
6,Albania,ALB,2016,3.24716268492612,2.78072636825453,0.127673762424316,0.0035670684935632,0.335195485753713
7,Albania,ALB,2017,3.06637313604198,2.60536949374452,0.125194585506474,0.0039893938970848,0.331819662893909
8,Albania,ALB,2018,3.12486507834958,2.65907220109757,0.136018279687278,0.0034221896433705,0.326352407921358
9,Albania,ALB,2019,3.15713338662001,2.6694960691229,0.155151366296992,0.0034740221259599,0.329011929074157
35,Antigua and Barbuda,ATG,2000,0.87,0.0,0.0,0.0,0.87
36,Antigua and Barbuda,ATG,2001,0.89,0.0,0.0,0.0,0.89
37,Antigua and Barbuda,ATG,2002,0.88,0.0,0.0,0.0,0.88
38,Antigua and Barbuda,ATG,2003,0.82,0.0,0.0,0.0,0.82
39,Antigua and Barbuda,ATG,2004,0.81,0.0,0.0,0.0,0.81
40,Antigua and Barbuda,ATG,2005,0.72,0.0,0.0,0.0,0.72
41,Antigua and Barbuda,ATG,2006,0.65,0.0,0.0,0.0,0.65
42,Antigua and Barbuda,ATG,2007,0.63,0.0,0.0,0.0,0.63
43,Antigua and Barbuda,ATG,2008,0.66,0.0,0.0,0.0,0.66
44,Antigua and Barbuda,ATG,2009,0.53,0.0,0.0,0.0,0.53
45,Antigua and Barbuda,ATG,2010,0.63,0.37,0.0,0.0,0.26
46,Antigua and Barbuda,ATG,2011,0.25,0.0,0.0,0.0,0.25
47,Antigua and Barbuda,ATG,2012,0.27,0.05,0.0,0.0,0.22
48,Antigua and Barbuda,ATG,2013,0.73,0.43,0.0,0.0,0.3
49,Antigua and Barbuda,ATG,2014,0.23,0.02,0.0,0.0,0.22
50,Antigua and Barbuda,ATG,2015,0.37,0.15,0.0,0.0,0.22
51,Antigua and Barbuda,ATG,2016,0.23,0.05,0.0,0.0,0.18
52,Antigua and Barbuda,ATG,2017,0.31,0.12,0.0,0.0,0.19
53,Antigua and Barbuda,ATG,2018,0.32,0.1,0.0,0.0,0.21
54,Antigua and Barbuda,ATG,2019,0.29,0.09,0.0,0.0,0.2
75,Argentina,ARG,2000,1.21,0.98,0.0,0.0,0.23
76,Argentina,ARG,2001,1.17,0.96,0.0,0.0,0.21
77,Argentina,ARG,2002,1.51,1.32,0.0,0.0,0.18
78,Argentina,ARG,2003,1.48,1.26,0.0,0.0,0.21
79,Argentina,ARG,2004,1.38,1.16,0.0,0.0,0.21
80,Argentina,ARG,2005,1.3,1.08,0.0,0.0,0.22
81,Argentina,ARG,2006,1.21,0.99,0.0,0.0,0.22
82,Argentina,ARG,2007,1.11,0.89,0.0,0.0,0.21
83,Argentina,ARG,2008,1.11,0.89,0.0,0.0,0.22
84,Argentina,ARG,2009,1.24,0.97,0.0,0.0,0.26
85,Argentina,ARG,2010,1.17,0.95,0.0,0.0,0.22
86,Argentina,ARG,2011,1.09,0.86,0.0,0.0,0.23
87,Argentina,ARG,2012,1.25,1.0,0.0,0.0,0.25
88,Argentina,ARG,2013,1.22,0.94,0.0,0.0,0.28
89,Argentina,ARG,2014,1.25,0.99,0.0,0.0,0.27
90,Argentina,ARG,2015,1.25,0.96,0.0,0.0,0.29
91,Argentina,ARG,2016,1.22,0.93,0.0,0.0,0.29
92,Argentina,ARG,2017,1.32,0.98,0.0,0.0,0.34
93,Argentina,ARG,2018,1.09,0.8,0.0,0.0,0.28
94,Argentina,ARG,2019,1.08,0.82,0.0,0.0,0.26
100,"Armenia, Rep. of",ARM,2015,0.878123146425478,0.005653072471646,0.169728723928616,0.449976825832616,0.2527645241926
101,"Armenia, Rep. of",ARM,2016,0.828610155697514,0.0062278091845281,0.151955406174914,0.398855295040637,0.271571645297435
102,"Armenia, Rep. of",ARM,2017,1.04962659852605,0.0055735473704317,0.172492356312119,0.587180852926896,0.284379841916604
103,"Armenia, Rep. of",ARM,2018,1.17151874697359,0.0050801477777627,0.196342227979654,0.713301977026825,0.256794394189351
104,"Armenia, Rep. of",ARM,2019,1.24656025491517,0.0039309896083668,0.343865569014197,0.638661224334099,0.260102471958509
135,Australia,AUS,2010,1.87,1.19,0.03,0.04,0.61
136,Australia,AUS,2011,1.82,1.13,0.04,0.04,0.61
137,Australia,AUS,2012,2.33,1.59,0.05,0.05,0.65
138,Australia,AUS,2013,2.3,1.54,0.05,0.05,0.65
139,Australia,AUS,2014,1.85,1.08,0.05,0.05,0.67
140,Australia,AUS,2015,1.88,1.08,0.06,0.06,0.68
141,Australia,AUS,2016,1.76,1.05,0.05,0.05,0.61
142,Australia,AUS,2017,1.77,1.02,0.06,0.05,0.65
143,Australia,AUS,2018,1.69,0.96,0.05,0.04,0.63
144,Australia,AUS,2019,1.67,0.95,0.05,0.04,0.63
165,Austria,AUT,2000,2.51,1.54,0.03,0.01,0.93
166,Austria,AUT,2001,2.72,1.65,0.04,0.01,1.03
167,Austria,AUT,2002,2.77,1.68,0.04,0.0,1.04
168,Austria,AUT,2003,2.83,1.73,0.04,0.01,1.06
169,Austria,AUT,2004,2.79,1.79,0.02,0.01,0.97
170,Austria,AUT,2005,2.7,1.71,0.02,0.01,0.97
171,Austria,AUT,2006,2.55,1.58,0.03,0.0,0.94
172,Austria,AUT,2007,2.49,1.57,0.03,0.0,0.89
173,Austria,AUT,2008,2.47,1.57,0.02,0.0,0.87
174,Austria,AUT,2009,2.47,1.55,0.02,0.0,0.9
175,Austria,AUT,2010,2.46,1.55,0.02,0.0,0.89
176,Austria,AUT,2011,2.54,1.62,0.02,0.0,0.9
177,Austria,AUT,2012,2.53,1.58,0.02,0.01,0.92
178,Austria,AUT,2013,2.51,1.57,0.02,0.01,0.92
179,Austria,AUT,2014,2.52,1.51,0.02,0.01,0.99
180,Austria,AUT,2015,2.51,1.52,0.02,0.01,0.98
181,Austria,AUT,2016,2.48,1.48,0.02,0.01,0.98
182,Austria,AUT,2017,2.53,1.5,0.02,0.01,1.0
183,Austria,AUT,2018,2.41,1.4,0.02,0.01,0.99
184,Austria,AUT,2019,2.41,1.4,0.02,0.01,0.99
205,"Bahamas, The",BHS,2000,0.97,0.0,0.0,0.0,0.97
206,"Bahamas, The",BHS,2001,0.93,0.0,0.0,0.0,0.93
207,"Bahamas, The",BHS,2002,0.9,0.0,0.0,0.0,0.9
208,"Bahamas, The",BHS,2003,0.88,0.0,0.0,0.0,0.88
209,"Bahamas, The",BHS,2004,0.96,0.0,0.0,0.0,0.96
210,"Bahamas, The",BHS,2005,0.89,0.0,0.0,0.0,0.89
211,"Bahamas, The",BHS,2006,0.95,0.0,0.0,0.0,0.95
212,"Bahamas, The",BHS,2007,0.92,0.0,0.0,0.0,0.92
213,"Bahamas, The",BHS,2008,0.93,0.0,0.0,0.0,0.93
214,"Bahamas, The",BHS,2009,0.93,0.0,0.0,0.0,0.93
215,"Bahamas, The",BHS,2010,0.9,0.0,0.0,0.0,0.9
216,"Bahamas, The",BHS,2011,1.3,0.0,0.0,0.0,1.3
217,"Bahamas, The",BHS,2012,1.22,0.0,0.0,0.0,1.22
218,"Bahamas, The",BHS,2013,1.63,0.0,0.0,0.0,1.63
219,"Bahamas, The",BHS,2014,1.38,0.0,0.0,0.0,1.38
220,"Bahamas, The",BHS,2015,1.48,0.0,0.0,0.0,1.48
221,"Bahamas, The",BHS,2016,1.39,0.01,0.0,0.0,1.38
222,"Bahamas, The",BHS,2017,1.34,0.01,0.0,0.0,1.33
223,"Bahamas, The",BHS,2018,1.42,0.01,0.0,0.0,1.41
224,"Bahamas, The",BHS,2019,1.39,0.01,0.0,0.0,1.38
245,Bangladesh,BGD,2000,0.06,0.0,0.0,0.0,0.06
246,Bangladesh,BGD,2001,0.05,0.0,0.0,0.0,0.05
247,Bangladesh,BGD,2002,0.07,0.0,0.0,0.0,0.07
248,Bangladesh,BGD,2003,0.08,0.0,0.0,0.0,0.08
249,Bangladesh,BGD,2004,0.07,0.0,0.0,0.0,0.07
250,Bangladesh,BGD,2005,0.06,0.0,0.0,0.0,0.06
251,Bangladesh,BGD,2006,0.07,0.0,0.0,0.0,0.07
252,Bangladesh,BGD,2007,0.08,0.0,0.0,0.0,0.08
253,Bangladesh,BGD,2008,0.07,0.0,0.0,0.0,0.07
254,Bangladesh,BGD,2009,0.06,0.0,0.0,0.0,0.06
255,Bangladesh,BGD,2010,0.05,0.0,0.0,0.0,0.05
256,Bangladesh,BGD,2011,0.05,0.0,0.0,0.0,0.05
257,Bangladesh,BGD,2012,0.06,0.0,0.0,0.0,0.06
258,Bangladesh,BGD,2013,0.05,0.0,0.0,0.0,0.05
259,Bangladesh,BGD,2014,0.07,0.0,0.0,0.0,0.07
260,Bangladesh,BGD,2015,0.07,0.0,0.0,0.0,0.07
261,Bangladesh,BGD,2016,0.05,0.0,0.0,0.0,0.05
262,Bangladesh,BGD,2017,0.09,0.0,0.0,0.0,0.09
263,Bangladesh,BGD,2018,0.04,0.0,0.0,0.0,0.04
264,Bangladesh,BGD,2019,0.03,0.0,0.0,0.0,0.03
285,Belgium,BEL,2000,2.02,1.41,0.17,0.15,0.81
286,Belgium,BEL,2001,1.99,1.37,0.17,0.14,0.84
287,Belgium,BEL,2002,1.94,1.34,0.15,0.14,0.83
288,Belgium,BEL,2003,1.97,1.39,0.14,0.14,0.84
289,Belgium,BEL,2004,2.07,1.45,0.2,0.13,0.81
290,Belgium,BEL,2005,2.01,1.44,0.2,0.07,0.82
291,Belgium,BEL,2006,1.77,1.3,0.16,0.05,0.76
292,Belgium,BEL,2007,1.7,1.29,0.14,0.04,0.75
293,Belgium,BEL,2008,1.62,1.24,0.15,0.04,0.72
294,Belgium,BEL,2009,1.69,1.29,0.14,0.04,0.76
295,Belgium,BEL,2010,1.72,1.34,0.14,0.04,0.73
296,Belgium,BEL,2011,1.73,1.36,0.13,0.04,0.2
297,Belgium,BEL,2012,1.66,1.3,0.13,0.04,0.2
298,Belgium,BEL,2013,1.59,1.23,0.13,0.04,0.2
299,Belgium,BEL,2014,1.59,1.23,0.12,0.03,0.2
300,Belgium,BEL,2015,1.62,1.28,0.12,0.03,0.19
301,Belgium,BEL,2016,1.7,1.39,0.12,0.04,0.16
302,Belgium,BEL,2017,1.8,1.47,0.11,0.03,0.19
303,Belgium,BEL,2018,1.82,1.48,0.12,0.04,0.19
304,Belgium,BEL,2019,1.71,1.38,0.11,0.04,0.19
325,Belize,BLZ,2000,0.13,0.0,0.0,0.0,0.13
326,Belize,BLZ,2001,0.14,0.0,0.0,0.0,0.14
327,Belize,BLZ,2002,0.14,0.0,0.0,0.0,0.14
328,Belize,BLZ,2003,0.14,0.0,0.0,0.0,0.14
329,Belize,BLZ,2004,0.15,0.0,0.0,0.0,0.15
330,Belize,BLZ,2005,0.16,0.0,0.0,0.0,0.16
331,Belize,BLZ,2006,0.16,0.0,0.0,0.0,0.16
332,Belize,BLZ,2007,0.17,0.0,0.0,0.0,0.17
333,Belize,BLZ,2008,0.14,0.01,0.0,0.0,0.13
334,Belize,BLZ,2009,0.18,0.08,0.0,0.0,0.1
335,Belize,BLZ,2010,0.13,0.04,0.0,0.0,0.09
336,Belize,BLZ,2011,0.16,0.07,0.0,0.0,0.09
337,Belize,BLZ,2012,0.14,0.05,0.0,0.0,0.09
338,Belize,BLZ,2013,0.13,0.04,0.0,0.0,0.09
339,Belize,BLZ,2014,0.12,0.03,0.0,0.0,0.09
340,Belize,BLZ,2015,0.12,0.02,0.0,0.0,0.09
341,Belize,BLZ,2016,0.02,0.02,0.0,0.0,0.0
342,Belize,BLZ,2017,0.12,0.02,0.0,0.0,0.1
343,Belize,BLZ,2018,0.14,0.04,0.0,0.0,0.11
344,Belize,BLZ,2019,0.12,0.01,0.0,0.0,0.11
380,Bhutan,BTN,2015,1.24,0.45,0.04,0.0,0.75
381,Bhutan,BTN,2016,1.23,0.58,0.05,0.0,0.6
382,Bhutan,BTN,2017,1.42,0.51,0.06,0.0,0.85
383,Bhutan,BTN,2018,1.64,0.63,0.06,0.0,0.96
384,Bhutan,BTN,2019,1.3,0.39,0.05,0.0,0.86
405,Bolivia,BOL,2000,2.7,2.67,0.0,0.0,0.03
406,Bolivia,BOL,2001,2.44,2.42,0.0,0.0,0.03
407,Bolivia,BOL,2002,2.34,2.31,0.0,0.0,0.03
408,Bolivia,BOL,2003,1.79,1.76,0.0,0.0,0.03
409,Bolivia,BOL,2004,1.69,1.65,0.0,0.0,0.04
410,Bolivia,BOL,2005,2.48,2.44,0.0,0.0,0.04
411,Bolivia,BOL,2006,2.21,2.17,0.0,0.0,0.04
412,Bolivia,BOL,2007,2.31,2.28,0.0,0.0,0.03
413,Bolivia,BOL,2008,2.12,2.09,0.0,0.0,0.03
414,Bolivia,BOL,2009,1.86,1.83,0.0,0.0,0.03
415,Bolivia,BOL,2010,1.62,1.59,0.0,0.0,0.03
416,Bolivia,BOL,2011,1.5,1.46,0.0,0.0,0.03
417,Bolivia,BOL,2012,1.34,1.31,0.0,0.0,0.03
418,Bolivia,BOL,2013,1.35,1.31,0.0,0.0,0.03
419,Bolivia,BOL,2014,1.32,1.28,0.0,0.0,0.04
420,Bolivia,BOL,2015,1.36,1.31,0.0,0.0,0.05
421,Bolivia,BOL,2016,1.47,1.42,0.0,0.0,0.05
422,Bolivia,BOL,2017,1.28,1.23,0.0,0.0,0.05
423,Bolivia,BOL,2018,1.19,1.14,0.0,0.0,0.05
424,Bolivia,BOL,2019,0.93,0.89,0.0,0.0,0.05
428,Botswana,BWA,2015,0.267320970454762,0.0795255279806683,0.0,0.0,0.187795442474094
429,Botswana,BWA,2016,0.234828610273336,0.0653206231394014,0.0,0.0,0.169507987133935
430,Botswana,BWA,2017,0.303610456855674,0.0758526582482272,0.0,0.0,0.227757798607446
436,Brazil,BRA,2015,0.866109876982927,0.0545580095568772,0.013668724976062,0.0002601872954768,0.797622955154511
437,Brazil,BRA,2016,0.897707789609697,0.0957238001146215,0.015396792867462,0.0002362026304892,0.786350993997124
438,Brazil,BRA,2017,0.88032210653114,0.0883970155352381,0.016265856207549,0.0002228628251851,0.775436371963168
439,Brazil,BRA,2018,0.855593604150744,0.0560829741886978,0.0159330943974429,0.0002220682583346,0.783355467306269
440,Brazil,BRA,2019,0.812010824123703,0.0375642907535406,0.0152889816736231,0.0001899959581174,0.758967555738422
461,Bulgaria,BGR,2000,2.59,2.42,0.0,0.01,0.16
462,Bulgaria,BGR,2001,2.48,2.33,0.0,0.01,0.14
463,Bulgaria,BGR,2002,2.36,2.09,0.09,0.0,0.17
464,Bulgaria,BGR,2003,2.8,2.45,0.13,0.01,0.21
465,Bulgaria,BGR,2004,3.0,2.63,0.11,0.07,0.2
466,Bulgaria,BGR,2005,2.99,2.62,0.09,0.06,0.23
467,Bulgaria,BGR,2006,2.79,2.41,0.05,0.06,0.26
468,Bulgaria,BGR,2007,3.19,2.84,0.03,0.05,0.28
469,Bulgaria,BGR,2008,3.28,2.85,0.05,0.07,0.31
470,Bulgaria,BGR,2009,2.84,2.5,0.03,0.05,0.27
471,Bulgaria,BGR,2010,2.75,2.42,0.01,0.07,0.25
472,Bulgaria,BGR,2011,2.67,2.37,0.01,0.08,0.22
473,Bulgaria,BGR,2012,2.65,2.36,0.0,0.05,0.25
474,Bulgaria,BGR,2013,2.85,2.51,0.0,0.07,0.26
475,Bulgaria,BGR,2014,2.84,2.48,0.0,0.07,0.28
476,Bulgaria,BGR,2015,2.95,2.6,0.0,0.06,0.28
477,Bulgaria,BGR,2016,2.99,2.6,0.0,0.06,0.32
478,Bulgaria,BGR,2017,2.8,2.44,0.0,0.06,0.3
479,Bulgaria,BGR,2018,2.62,2.25,0.0,0.05,0.31
480,Bulgaria,BGR,2019,2.99,2.64,0.0,0.05,0.29
486,Burkina Faso,BFA,2015,0.943898718084157,0.909300724728322,0.0,0.0214652699358184,0.0131327234200166
487,Burkina Faso,BFA,2016,0.977896287321482,0.945302760496537,0.0,0.0195091531571244,0.01308437366782
488,Burkina Faso,BFA,2017,1.12545051627868,1.09505918422334,0.0,0.0171973174386736,0.0131940146166662
489,Burkina Faso,BFA,2018,1.16558357797878,1.13350270737604,0.0,0.0153390988491598,0.0167417717535817
490,Burkina Faso,BFA,2019,1.12244508130303,1.08570999403942,0.0058035755352527,0.0108294107661837,0.0201021009621673
511,Cabo Verde,CPV,2000,0.16,0.0,0.16,0.0,0.0
512,Cabo Verde,CPV,2001,0.08,0.0,0.08,0.0,0.0
513,Cabo Verde,CPV,2002,0.13,0.0,0.13,0.0,0.0
514,Cabo Verde,CPV,2003,0.09,0.0,0.09,0.0,0.0
515,Cabo Verde,CPV,2004,0.11,0.0,0.11,0.0,0.0
516,Cabo Verde,CPV,2005,0.19,0.0,0.19,0.0,0.0
517,Cabo Verde,CPV,2006,0.2,0.0,0.2,0.0,0.0
518,Cabo Verde,CPV,2007,0.18,0.0,0.18,0.0,0.0
519,Cabo Verde,CPV,2008,0.17,0.0,0.17,0.0,0.0
520,Cabo Verde,CPV,2009,0.14,0.0,0.14,0.0,0.0
521,Cabo Verde,CPV,2010,0.19,0.0,0.19,0.0,0.0
522,Cabo Verde,CPV,2011,0.36,0.0,0.36,0.0,0.0
523,Cabo Verde,CPV,2012,0.36,0.0,0.36,0.0,0.0
524,Cabo Verde,CPV,2013,0.37,0.0,0.37,0.0,0.0
525,Cabo Verde,CPV,2014,0.36,0.0,0.36,0.0,0.0
526,Cabo Verde,CPV,2015,0.38,0.0,0.38,0.0,0.0
527,Cabo Verde,CPV,2016,0.41,0.0,0.41,0.0,0.0
528,Cabo Verde,CPV,2017,0.4,0.0,0.4,0.0,0.0
529,Cabo Verde,CPV,2018,0.39,0.0,0.39,0.0,0.0
530,Cabo Verde,CPV,2019,0.38,0.0,0.38,0.0,0.0
559,Cambodia,KHM,2008,0.0,0.0,0.0,0.0,0.0
560,Cambodia,KHM,2009,2.19,0.0,0.0,0.0,2.19
561,Cambodia,KHM,2010,2.19,0.0,0.0,0.0,2.19
562,Cambodia,KHM,2011,1.94,0.0,0.0,0.0,1.94
563,Cambodia,KHM,2012,0.0,0.0,0.0,0.0,0.0
564,Cambodia,KHM,2013,0.0,0.0,0.0,0.0,0.0
565,Cambodia,KHM,2014,0.0,0.0,0.0,0.0,0.0
566,Cambodia,KHM,2015,0.0,0.0,0.0,0.0,0.0
567,Cambodia,KHM,2016,0.0,0.0,0.0,0.0,0.0
568,Cambodia,KHM,2017,0.0,0.0,0.0,0.0,0.0
569,Cambodia,KHM,2018,0.0,0.0,0.0,0.0,0.0
570,Cambodia,KHM,2019,0.0,0.0,0.0,0.0,0.0
591,Cameroon,CMR,2000,0.78,0.74,0.0,0.0,0.04
592,Cameroon,CMR,2001,0.87,0.84,0.0,0.0,0.03
593,Cameroon,CMR,2002,0.81,0.79,0.0,0.0,0.01
594,Cameroon,CMR,2003,0.77,0.73,0.0,0.0,0.04
595,Cameroon,CMR,2004,0.79,0.75,0.0,0.0,0.04
596,Cameroon,CMR,2005,0.74,0.67,0.0,0.0,0.07
597,Cameroon,CMR,2006,0.74,0.68,0.0,0.0,0.06
598,Cameroon,CMR,2007,0.7,0.64,0.0,0.0,0.06
599,Cameroon,CMR,2008,0.63,0.58,0.0,0.0,0.05
600,Cameroon,CMR,2009,0.65,0.59,0.0,0.0,0.06
601,Cameroon,CMR,2010,0.67,0.61,0.0,0.0,0.06
602,Cameroon,CMR,2011,0.64,0.59,0.0,0.0,0.05
603,Cameroon,CMR,2012,0.68,0.63,0.0,0.0,0.05
604,Cameroon,CMR,2013,0.71,0.66,0.0,0.0,0.05
605,Cameroon,CMR,2014,0.72,0.66,0.0,0.0,0.06
606,Cameroon,CMR,2015,0.6,0.55,0.0,0.0,0.05
607,Cameroon,CMR,2016,0.58,0.53,0.0,0.0,0.05
608,Cameroon,CMR,2017,0.63,0.58,0.0,0.0,0.05
609,Cameroon,CMR,2018,0.62,0.57,0.0,0.0,0.04
610,Cameroon,CMR,2019,0.6,0.55,0.0,0.0,0.04
616,Canada,CAN,2015,1.19714023173759,0.885115409097783,0.0294608079315086,0.0419505024263467,0.240613512281952
617,Canada,CAN,2016,1.18543002219167,0.870802035017909,0.0296415514913344,0.0357782018084111,0.249208233874014
618,Canada,CAN,2017,1.33056863691763,1.01442511845751,0.0292289914562974,0.0357463021590262,0.251168224844801
619,Canada,CAN,2018,1.24050320373042,0.926740246234359,0.0277902646851622,0.0382345376675948,0.247738155143301
620,Canada,CAN,2019,1.20539678587573,0.904781997021045,0.0236323155405753,0.0375965968032857,0.239385876510819
651,Chad,TCD,2010,0.15,0.12,0.0,0.0,0.03
652,Chad,TCD,2011,0.09,0.06,0.0,0.0,0.03
653,Chad,TCD,2012,0.02,0.0,0.0,0.0,0.02
654,Chad,TCD,2013,0.04,0.02,0.0,0.0,0.02
655,Chad,TCD,2014,0.04,0.02,0.0,0.0,0.02
656,Chad,TCD,2015,0.06,0.03,0.0,0.0,0.03
657,Chad,TCD,2016,0.05,0.03,0.0,0.0,0.03
658,Chad,TCD,2017,0.06,0.04,0.0,0.0,0.02
659,Chad,TCD,2018,0.49,0.34,0.0,0.0,0.14
660,Chad,TCD,2019,0.28,0.27,0.0,0.0,0.01
666,Chile,CHL,2015,1.21308271109553,0.875331987054429,0.0,0.0652913284867276,0.27245939555437
667,Chile,CHL,2016,1.23761020433374,0.890160742631184,0.0,0.0632193862735076,0.284230075429049
668,Chile,CHL,2017,1.25767634771699,0.908770637087569,0.0,0.0451593573562845,0.303746353273133
669,Chile,CHL,2018,1.34332817675006,0.911866121773665,0.0608925283010334,0.0500372262514904,0.320532300951757
691,"China, P.R.: Mainland",CHN,2000,0.38,0.24,0.09,0.06,0.02
692,"China, P.R.: Mainland",CHN,2001,0.64,0.27,0.08,0.06,0.25
693,"China, P.R.: Mainland",CHN,2002,0.7,0.25,0.08,0.06,0.31
694,"China, P.R.: Mainland",CHN,2003,0.79,0.27,0.1,0.06,0.36
695,"China, P.R.: Mainland",CHN,2004,0.83,0.3,0.12,0.06,0.36
696,"China, P.R.: Mainland",CHN,2005,0.81,0.27,0.13,0.08,0.34
697,"China, P.R.: Mainland",CHN,2006,0.83,0.27,0.13,0.09,0.35
698,"China, P.R.: Mainland",CHN,2007,0.84,0.26,0.13,0.1,0.36
699,"China, P.R.: Mainland",CHN,2008,0.81,0.24,0.12,0.09,0.36
700,"China, P.R.: Mainland",CHN,2009,1.3,0.71,0.1,0.1,0.39
701,"China, P.R.: Mainland",CHN,2010,1.44,0.75,0.09,0.1,0.5
702,"China, P.R.: Mainland",CHN,2011,1.36,0.67,0.08,0.12,0.49
703,"China, P.R.: Mainland",CHN,2012,1.4,0.66,0.08,0.17,0.49
718,Colombia,COL,2017,0.775710587297155,0.554312194517807,0.0011199701022628,0.0053800717241499,0.214898350952936
719,Colombia,COL,2018,0.745430460492149,0.506893563516979,0.0030409266737599,0.0056373261145323,0.229858745422868
720,Colombia,COL,2019,0.763384330061845,0.501326801676873,0.0038204152941132,0.0057337831158001,0.252503329975058
742,"Congo, Dem. Rep. of the",COD,2001,0.18,0.78,0.0,0.04,0.15
743,"Congo, Dem. Rep. of the",COD,2002,0.39,0.57,0.0,0.09,0.3
744,"Congo, Dem. Rep. of the",COD,2003,0.58,0.48,0.0,0.1,0.47
745,"Congo, Dem. Rep. of the",COD,2004,0.99,0.42,0.0,0.11,0.47
746,"Congo, Dem. Rep. of the",COD,2005,1.27,0.66,0.0,0.1,0.51
747,"Congo, Dem. Rep. of the",COD,2006,1.32,0.64,0.0,0.08,0.61
748,"Congo, Dem. Rep. of the",COD,2007,1.52,0.73,0.0,0.05,0.74
749,"Congo, Dem. Rep. of the",COD,2008,1.9,0.79,0.0,0.07,1.04
750,"Congo, Dem. Rep. of the",COD,2009,1.62,0.6,0.0,0.04,0.99
751,"Congo, Dem. Rep. of the",COD,2010,1.56,0.55,0.0,0.02,0.99
752,"Congo, Dem. Rep. of the",COD,2011,1.84,0.66,0.0,0.02,1.17
753,"Congo, Dem. Rep. of the",COD,2012,0.86,0.63,0.0,0.01,0.22
754,"Congo, Dem. Rep. of the",COD,2013,0.68,0.57,0.0,0.01,0.11
755,"Congo, Dem. Rep. of the",COD,2014,0.53,0.47,0.0,0.01,0.05
756,"Congo, Dem. Rep. of the",COD,2015,0.43,0.38,0.0,0.01,0.05
757,"Congo, Dem. Rep. of the",COD,2016,0.41,0.37,0.0,0.01,0.04
758,"Congo, Dem. Rep. of the",COD,2017,0.18,0.13,0.0,0.01,0.03
759,"Congo, Dem. Rep. of the",COD,2018,0.18,0.14,0.0,0.01,0.04
760,"Congo, Dem. Rep. of the",COD,2019,0.18,0.14,0.0,0.0,0.03
781,"Congo, Rep. of",COG,2000,0.0,0.0,0.0,0.0,0.0
782,"Congo, Rep. of",COG,2001,0.0,0.0,0.0,0.0,0.0
783,"Congo, Rep. of",COG,2002,0.0,0.0,0.0,0.0,0.0
784,"Congo, Rep. of",COG,2003,0.0,0.0,0.0,0.0,0.0
785,"Congo, Rep. of",COG,2004,0.0,0.0,0.0,0.0,0.0
786,"Congo, Rep. of",COG,2005,0.0,0.0,0.0,0.0,0.0
787,"Congo, Rep. of",COG,2006,0.0,0.0,0.0,0.0,0.0
788,"Congo, Rep. of",COG,2007,0.0,0.0,0.0,0.0,0.0
789,"Congo, Rep. of",COG,2008,0.0,0.0,0.0,0.0,0.0
790,"Congo, Rep. of",COG,2009,0.01,0.0,0.0,0.0,0.01
791,"Congo, Rep. of",COG,2010,0.01,0.0,0.0,0.0,0.01
792,"Congo, Rep. of",COG,2011,0.02,0.0,0.0,0.0,0.02
793,"Congo, Rep. of",COG,2012,0.02,0.0,0.0,0.0,0.02
794,"Congo, Rep. of",COG,2013,0.02,0.0,0.0,0.0,0.02
795,"Congo, Rep. of",COG,2014,0.02,0.0,0.0,0.0,0.02
796,"Congo, Rep. of",COG,2015,0.03,0.0,0.0,0.0,0.03
797,"Congo, Rep. of",COG,2016,0.03,0.0,0.0,0.0,0.03
798,"Congo, Rep. of",COG,2017,0.03,0.0,0.0,0.0,0.03
799,"Congo, Rep. of",COG,2018,0.02,0.0,0.0,0.0,0.02
800,"Congo, Rep. of",COG,2019,0.02,0.0,0.0,0.0,0.02
869,Costa Rica,CRI,2008,2.33,1.65,0.0,0.02,0.66
870,Costa Rica,CRI,2009,2.47,1.75,0.0,0.03,0.7
871,Costa Rica,CRI,2010,2.38,1.62,0.0,0.03,0.73
872,Costa Rica,CRI,2011,2.31,1.66,0.0,0.03,0.62
873,Costa Rica,CRI,2012,2.23,1.51,0.0,0.03,0.69
874,Costa Rica,CRI,2013,2.38,1.62,0.0,0.04,0.73
875,Costa Rica,CRI,2014,2.26,1.47,0.0,0.03,0.76
876,Costa Rica,CRI,2015,2.36,1.54,0.0,0.03,0.78
877,Costa Rica,CRI,2016,2.34,1.5,0.0,0.03,0.8
878,Costa Rica,CRI,2017,2.33,1.51,0.0,0.03,0.79
879,Costa Rica,CRI,2018,2.52,1.46,0.0,0.29,0.78
880,Costa Rica,CRI,2019,2.53,1.48,0.0,0.27,0.78
901,"Croatia, Rep. of",HRV,2000,3.44,3.12,0.0,0.06,0.26
902,"Croatia, Rep. of",HRV,2001,3.58,3.08,0.0,0.06,0.44
903,"Croatia, Rep. of",HRV,2002,4.08,3.21,0.0,0.05,0.83
904,"Croatia, Rep. of",HRV,2003,4.09,3.09,0.0,0.01,0.98
905,"Croatia, Rep. of",HRV,2004,3.95,2.9,0.0,0.01,1.04
906,"Croatia, Rep. of",HRV,2005,3.82,2.74,0.01,0.01,1.06
907,"Croatia, Rep. of",HRV,2006,3.73,2.64,0.01,0.02,1.07
908,"Croatia, Rep. of",HRV,2007,3.65,2.56,0.01,0.02,1.07
909,"Croatia, Rep. of",HRV,2008,3.43,2.36,0.01,0.01,1.05
910,"Croatia, Rep. of",HRV,2009,3.39,2.52,0.01,0.01,0.85
911,"Croatia, Rep. of",HRV,2010,3.56,2.71,0.01,0.01,0.83
912,"Croatia, Rep. of",HRV,2011,3.23,2.39,0.0,0.01,0.83
913,"Croatia, Rep. of",HRV,2012,3.13,2.33,0.0,0.02,0.79
914,"Croatia, Rep. of",HRV,2013,3.42,2.62,0.0,0.02,0.78
915,"Croatia, Rep. of",HRV,2014,3.77,2.91,0.0,0.02,0.84
916,"Croatia, Rep. of",HRV,2015,3.97,3.14,0.0,0.02,0.82
917,"Croatia, Rep. of",HRV,2016,4.07,3.23,0.0,0.02,0.83
918,"Croatia, Rep. of",HRV,2017,4.09,3.22,0.0,0.02,0.86
919,"Croatia, Rep. of",HRV,2018,4.14,3.33,0.0,0.02,0.79
920,"Croatia, Rep. of",HRV,2019,4.09,3.29,0.0,0.03,0.77
941,Cyprus,CYP,2000,2.47,0.65,0.0,0.0,1.82
942,Cyprus,CYP,2001,2.75,0.89,0.0,0.0,1.85
943,Cyprus,CYP,2002,2.71,0.91,0.0,0.0,1.8
944,Cyprus,CYP,2003,3.46,1.76,0.0,0.0,1.7
945,Cyprus,CYP,2004,3.63,1.9,0.0,0.0,1.73
946,Cyprus,CYP,2005,3.32,1.89,0.0,0.0,1.43
947,Cyprus,CYP,2006,3.09,1.79,0.0,0.0,1.3
948,Cyprus,CYP,2007,3.14,1.7,0.0,0.0,1.44
949,Cyprus,CYP,2008,3.02,1.6,0.0,0.0,1.42
950,Cyprus,CYP,2009,2.78,1.63,0.0,0.0,1.15
951,Cyprus,CYP,2010,2.75,1.81,0.0,0.0,0.94
952,Cyprus,CYP,2011,2.76,1.94,0.0,0.0,0.82
953,Cyprus,CYP,2012,2.59,1.87,0.0,0.01,0.71
954,Cyprus,CYP,2013,2.72,2.12,0.0,0.01,0.6
955,Cyprus,CYP,2014,3.06,2.38,0.0,0.01,0.68
956,Cyprus,CYP,2015,3.04,2.4,0.0,0.01,0.64
957,Cyprus,CYP,2016,2.93,2.31,0.0,0.01,0.61
958,Cyprus,CYP,2017,3.01,2.37,0.0,0.02,0.61
959,Cyprus,CYP,2018,2.93,2.32,0.0,0.03,0.58
960,Cyprus,CYP,2019,2.54,2.0,0.0,0.03,0.51
981,Czech Rep.,CZE,2000,2.43,2.0,0.07,0.06,0.3
982,Czech Rep.,CZE,2001,2.48,2.1,0.06,0.05,0.28
983,Czech Rep.,CZE,2002,2.44,2.04,0.08,0.04,0.28
984,Czech Rep.,CZE,2003,2.53,2.13,0.08,0.04,0.28
985,Czech Rep.,CZE,2004,2.62,2.25,0.07,0.04,0.26
986,Czech Rep.,CZE,2005,2.66,2.3,0.07,0.04,0.25
987,Czech Rep.,CZE,2006,2.57,2.21,0.06,0.04,0.25
988,Czech Rep.,CZE,2007,2.6,2.15,0.07,0.04,0.35
989,Czech Rep.,CZE,2008,2.57,2.11,0.06,0.04,0.36
990,Czech Rep.,CZE,2009,2.61,2.16,0.06,0.04,0.35
991,Czech Rep.,CZE,2010,2.61,2.13,0.06,0.03,0.38
992,Czech Rep.,CZE,2011,2.72,2.2,0.06,0.03,0.43
993,Czech Rep.,CZE,2012,2.63,2.1,0.05,0.04,0.44
994,Czech Rep.,CZE,2013,2.54,2.03,0.05,0.04,0.43
995,Czech Rep.,CZE,2014,2.5,2.0,0.05,0.03,0.43
996,Czech Rep.,CZE,2015,2.44,1.93,0.04,0.03,0.44
997,Czech Rep.,CZE,2016,2.48,1.98,0.04,0.03,0.43
998,Czech Rep.,CZE,2017,2.4,1.9,0.04,0.03,0.44
999,Czech Rep.,CZE,2018,2.35,1.85,0.04,0.05,0.42
1000,Czech Rep.,CZE,2019,2.42,1.94,0.04,0.05,0.4
1021,Côte d'Ivoire,CIV,2000,0.12,0.0,0.0,0.08,0.04
1022,Côte d'Ivoire,CIV,2001,0.18,0.0,0.0,0.14,0.04
1023,Côte d'Ivoire,CIV,2002,0.19,0.0,0.0,0.12,0.06
1024,Côte d'Ivoire,CIV,2003,0.14,0.0,0.0,0.09,0.05
1025,Côte d'Ivoire,CIV,2004,0.13,0.0,0.0,0.08,0.05
1026,Côte d'Ivoire,CIV,2005,0.13,0.0,0.0,0.09,0.05
1027,Côte d'Ivoire,CIV,2006,0.13,0.0,0.0,0.08,0.04
1028,Côte d'Ivoire,CIV,2007,0.13,0.0,0.0,0.09,0.05
1029,Côte d'Ivoire,CIV,2008,0.13,0.0,0.0,0.08,0.05
1030,Côte d'Ivoire,CIV,2009,0.12,0.0,0.0,0.06,0.06
1031,Côte d'Ivoire,CIV,2010,0.11,0.0,0.0,0.04,0.07
1032,Côte d'Ivoire,CIV,2011,0.04,0.0,0.0,0.04,0.01
1033,Côte d'Ivoire,CIV,2012,0.2,0.0,0.0,0.14,0.07
1034,Côte d'Ivoire,CIV,2013,0.2,0.0,0.0,0.13,0.07
1035,Côte d'Ivoire,CIV,2014,0.13,0.0,0.0,0.06,0.07
1036,Côte d'Ivoire,CIV,2015,0.12,0.0,0.0,0.04,0.08
1037,Côte d'Ivoire,CIV,2016,0.1,0.0,0.0,0.04,0.07
1038,Côte d'Ivoire,CIV,2017,0.11,0.0,0.0,0.05,0.06
1039,Côte d'Ivoire,CIV,2018,0.09,0.0,0.02,0.01,0.06
1040,Côte d'Ivoire,CIV,2019,0.1,0.0,0.03,0.01,0.06
1061,Denmark,DNK,2000,4.95,2.75,0.23,0.12,1.85
1062,Denmark,DNK,2001,4.91,2.85,0.22,0.12,1.71
1063,Denmark,DNK,2002,5.09,2.86,0.23,0.12,1.88
1064,Denmark,DNK,2003,4.89,2.81,0.21,0.12,1.75
1065,Denmark,DNK,2004,5.1,2.76,0.21,0.12,2.01
1066,Denmark,DNK,2005,5.06,2.52,0.2,0.11,2.23
1067,Denmark,DNK,2006,4.81,2.24,0.2,0.1,2.28
1068,Denmark,DNK,2007,4.85,2.34,0.2,0.1,2.22
1069,Denmark,DNK,2008,4.32,2.14,0.19,0.09,1.89
1070,Denmark,DNK,2009,4.08,2.32,0.18,0.09,1.5
1071,Denmark,DNK,2010,4.12,2.36,0.13,0.09,1.55
1072,Denmark,DNK,2011,4.14,2.4,0.13,0.09,1.52
1073,Denmark,DNK,2012,4.04,2.39,0.15,0.09,1.42
1074,Denmark,DNK,2013,4.05,2.41,0.17,0.1,1.37
1075,Denmark,DNK,2014,4.01,2.32,0.13,0.09,1.47
1076,Denmark,DNK,2015,3.99,2.21,0.14,0.1,1.55
1077,Denmark,DNK,2016,3.91,2.17,0.12,0.09,1.54
1078,Denmark,DNK,2017,3.66,1.99,0.1,0.08,1.5
1079,Denmark,DNK,2018,3.62,1.95,0.1,0.08,1.49
1080,Denmark,DNK,2019,3.31,1.71,0.08,0.08,1.43
1086,Dominican Rep.,DOM,2015,1.67341149719305,1.38815310186766,0.0,0.0,0.285258395325389
1087,Dominican Rep.,DOM,2016,1.6796302633126,1.34709683007639,0.0,0.0,0.332533433236216
1088,Dominican Rep.,DOM,2017,1.74815847673008,1.43428806852682,0.0,0.0,0.313870408203253
1089,Dominican Rep.,DOM,2018,1.68474983083086,1.38273994942631,0.0,0.0,0.302009881404557
1090,Dominican Rep.,DOM,2019,1.7183843927196,1.37149488774739,0.0,0.0,0.346889504972214
1111,Ecuador,ECU,2000,0.25,0.0,0.0,0.0,0.25
1112,Ecuador,ECU,2001,0.33,0.0,0.0,0.0,0.33
1113,Ecuador,ECU,2002,0.24,0.0,0.0,0.0,0.24
1114,Ecuador,ECU,2003,0.21,0.0,0.0,0.0,0.21
1115,Ecuador,ECU,2004,0.19,0.0,0.0,0.0,0.19
1116,Ecuador,ECU,2005,0.21,0.0,0.0,0.0,0.21
1117,Ecuador,ECU,2006,0.18,0.0,0.0,0.0,0.18
1118,Ecuador,ECU,2007,0.19,0.0,0.0,0.0,0.19
1119,Ecuador,ECU,2008,0.21,0.0,0.0,0.0,0.21
1120,Ecuador,ECU,2009,0.27,0.0,0.0,0.0,0.27
1121,Ecuador,ECU,2010,0.32,0.0,0.0,0.0,0.32
1122,Ecuador,ECU,2011,0.31,0.0,0.0,0.0,0.31
1123,Ecuador,ECU,2012,0.45,0.0,0.13,0.0,0.32
1124,Ecuador,ECU,2013,0.47,0.0,0.14,0.0,0.33
1125,Ecuador,ECU,2014,0.48,0.0,0.14,0.0,0.35
1126,Ecuador,ECU,2015,0.49,0.0,0.14,0.0,0.35
1127,Ecuador,ECU,2016,0.42,0.01,0.14,0.0,0.27
1128,Ecuador,ECU,2017,0.43,0.03,0.14,0.0,0.27
1129,Ecuador,ECU,2018,0.44,0.02,0.14,0.0,0.28
1130,Ecuador,ECU,2019,0.39,0.0,0.15,0.0,0.25
1153,"Egypt, Arab Rep. of",EGY,2002,0.17,0.12,0.0,0.0,0.05
1154,"Egypt, Arab Rep. of",EGY,2003,0.25,0.2,0.0,0.0,0.05
1155,"Egypt, Arab Rep. of",EGY,2004,0.2,0.16,0.0,0.0,0.04
1156,"Egypt, Arab Rep. of",EGY,2005,0.23,0.15,0.0,0.0,0.07
1157,"Egypt, Arab Rep. of",EGY,2006,0.36,0.27,0.0,0.0,0.09
1158,"Egypt, Arab Rep. of",EGY,2007,0.39,0.26,0.0,0.0,0.13
1159,"Egypt, Arab Rep. of",EGY,2008,0.29,0.17,0.0,0.0,0.12
1160,"Egypt, Arab Rep. of",EGY,2009,0.83,0.67,0.0,0.0,0.15
1161,"Egypt, Arab Rep. of",EGY,2010,0.78,0.63,0.0,0.0,0.15
1162,"Egypt, Arab Rep. of",EGY,2011,0.72,0.59,0.0,0.0,0.13
1163,"Egypt, Arab Rep. of",EGY,2012,0.66,0.55,0.0,0.0,0.12
1164,"Egypt, Arab Rep. of",EGY,2013,0.77,0.66,0.0,0.0,0.11
1165,"Egypt, Arab Rep. of",EGY,2014,0.29,0.19,0.0,0.0,0.11
1166,"Egypt, Arab Rep. of",EGY,2015,0.61,0.49,0.0,0.0,0.12
1167,"Egypt, Arab Rep. of",EGY,2016,0.59,0.49,0.0,0.0,0.1
1168,"Egypt, Arab Rep. of",EGY,2017,1.02,0.95,0.0,0.0,0.07
1169,"Egypt, Arab Rep. of",EGY,2018,0.99,0.91,0.0,0.0,0.08
1170,"Egypt, Arab Rep. of",EGY,2019,0.89,0.78,0.0,0.0,0.11
1176,El Salvador,SLV,2015,0.540241123604653,0.0302923795644791,0.0,0.0,0.509948744040174
1177,El Salvador,SLV,2016,0.568511246096313,0.0367898880271152,0.0,0.0,0.531721358069198
1178,El Salvador,SLV,2017,0.566915892355515,0.031626325282701,0.0,0.0,0.535289567072814
1179,El Salvador,SLV,2018,0.563905402559274,0.0280544215594495,0.0,0.0,0.535850980999824
1180,El Salvador,SLV,2019,0.566568301511609,0.0293886380954807,0.0,0.0,0.537179663416128
1185,"Equatorial Guinea, Rep. of",GNQ,2015,0.254046620387385,0.112989428013133,0.0,0.141057192374252,0.0
1186,"Equatorial Guinea, Rep. of",GNQ,2016,0.250609242855242,0.0986284129363208,0.0,0.151980829918921,0.0
1187,"Equatorial Guinea, Rep. of",GNQ,2017,0.262190518146336,0.0724817394714098,0.0,0.189708778674927,0.0
1209,"Estonia, Rep. of",EST,2000,1.69,1.23,0.16,0.08,0.22
1210,"Estonia, Rep. of",EST,2001,2.13,1.59,0.21,0.11,0.21
1211,"Estonia, Rep. of",EST,2002,2.0,1.49,0.21,0.09,0.2
1212,"Estonia, Rep. of",EST,2003,1.9,1.53,0.23,0.09,0.05
1213,"Estonia, Rep. of",EST,2004,2.11,1.78,0.16,0.09,0.08
1214,"Estonia, Rep. of",EST,2005,2.28,1.9,0.22,0.08,0.08
1215,"Estonia, Rep. of",EST,2006,2.2,1.79,0.26,0.08,0.08
1216,"Estonia, Rep. of",EST,2007,2.19,1.78,0.27,0.07,0.07
1217,"Estonia, Rep. of",EST,2008,2.31,1.91,0.26,0.08,0.05
1218,"Estonia, Rep. of",EST,2009,2.96,2.52,0.29,0.1,0.05
1219,"Estonia, Rep. of",EST,2010,2.95,2.57,0.21,0.11,0.06
1220,"Estonia, Rep. of",EST,2011,2.74,2.37,0.21,0.1,0.07
1221,"Estonia, Rep. of",EST,2012,2.75,2.41,0.18,0.09,0.07
1222,"Estonia, Rep. of",EST,2013,2.58,2.23,0.2,0.09,0.07
1223,"Estonia, Rep. of",EST,2014,2.67,2.31,0.22,0.08,0.06
1224,"Estonia, Rep. of",EST,2015,2.74,2.38,0.22,0.08,0.07
1225,"Estonia, Rep. of",EST,2016,2.98,2.61,0.23,0.08,0.07
1226,"Estonia, Rep. of",EST,2017,2.87,2.51,0.22,0.07,0.06
1227,"Estonia, Rep. of",EST,2018,2.75,2.4,0.21,0.07,0.06
1228,"Estonia, Rep. of",EST,2019,3.22,2.94,0.16,0.06,0.05
1249,"Eswatini, Kingdom of",SWZ,2000,0.7,0.63,0.0,0.0,0.07
1250,"Eswatini, Kingdom of",SWZ,2001,0.75,0.68,0.0,0.0,0.06
1251,"Eswatini, Kingdom of",SWZ,2002,0.6,0.54,0.0,0.0,0.06
1252,"Eswatini, Kingdom of",SWZ,2003,0.54,0.48,0.0,0.0,0.06
1253,"Eswatini, Kingdom of",SWZ,2004,0.5,0.43,0.0,0.0,0.07
1254,"Eswatini, Kingdom of",SWZ,2005,0.39,0.36,0.0,0.0,0.03
1255,"Eswatini, Kingdom of",SWZ,2006,0.47,0.41,0.0,0.0,0.07
1256,"Eswatini, Kingdom of",SWZ,2007,0.39,0.26,0.0,0.0,0.14
1257,"Eswatini, Kingdom of",SWZ,2008,0.4,0.27,0.0,0.0,0.13
1258,"Eswatini, Kingdom of",SWZ,2009,0.43,0.3,0.0,0.0,0.13
1259,"Eswatini, Kingdom of",SWZ,2010,0.56,0.45,0.0,0.0,0.11
1260,"Eswatini, Kingdom of",SWZ,2011,0.7,0.59,0.0,0.0,0.12
1261,"Eswatini, Kingdom of",SWZ,2012,1.05,0.95,0.0,0.0,0.1
1262,"Eswatini, Kingdom of",SWZ,2013,1.33,1.24,0.0,0.0,0.1
1263,"Eswatini, Kingdom of",SWZ,2014,1.29,1.19,0.0,0.0,0.09
1264,"Eswatini, Kingdom of",SWZ,2015,1.38,1.29,0.0,0.0,0.09
1265,"Eswatini, Kingdom of",SWZ,2016,1.39,1.31,0.0,0.0,0.09
1266,"Eswatini, Kingdom of",SWZ,2017,1.8,1.71,0.0,0.0,0.09
1267,"Eswatini, Kingdom of",SWZ,2018,1.79,1.7,0.0,0.0,0.09
1268,"Eswatini, Kingdom of",SWZ,2019,1.97,1.85,0.0,0.0,0.12
1299,"Fiji, Rep. of",FJI,2010,0.0,0.0,0.0,0.0,0.0
1300,"Fiji, Rep. of",FJI,2011,0.89,0.0,0.0,0.02,0.88
1301,"Fiji, Rep. of",FJI,2012,1.42,0.0,0.0,0.02,1.4
1302,"Fiji, Rep. of",FJI,2013,1.24,0.0,0.0,0.01,1.24
1303,"Fiji, Rep. of",FJI,2014,1.37,0.0,0.0,0.01,1.37
1304,"Fiji, Rep. of",FJI,2015,1.4,0.0,0.0,0.0,1.4
1305,"Fiji, Rep. of",FJI,2016,1.42,0.0,0.0,0.0,1.42
1306,"Fiji, Rep. of",FJI,2017,1.33,0.0,0.0,0.0,1.33
1329,Finland,FIN,2000,3.03,1.93,0.05,0.01,1.04
1330,Finland,FIN,2001,2.84,1.89,0.05,0.01,0.89
1331,Finland,FIN,2002,2.93,1.92,0.05,0.01,0.95
1332,Finland,FIN,2003,3.02,1.91,0.07,0.01,1.03
1333,Finland,FIN,2004,3.21,1.87,0.07,0.01,1.26
1334,Finland,FIN,2005,3.02,1.78,0.05,0.01,1.17
1335,Finland,FIN,2006,2.96,1.73,0.06,0.01,1.16
1336,Finland,FIN,2007,2.71,1.59,0.06,0.01,1.05
1337,Finland,FIN,2008,2.63,1.66,0.04,0.01,0.92
1338,Finland,FIN,2009,2.56,1.71,0.04,0.01,0.8
1339,Finland,FIN,2010,2.71,1.72,0.04,0.01,0.94
1340,Finland,FIN,2011,3.05,2.0,0.05,0.01,0.99
1341,Finland,FIN,2012,3.0,2.01,0.04,0.01,0.95
1342,Finland,FIN,2013,2.96,1.96,0.04,0.01,0.95
1343,Finland,FIN,2014,2.93,1.95,0.03,0.01,0.94
1344,Finland,FIN,2015,2.92,1.98,0.03,0.01,0.9
1345,Finland,FIN,2016,3.11,2.1,0.02,0.01,0.98
1346,Finland,FIN,2017,2.98,1.97,0.01,0.01,0.99
1347,Finland,FIN,2018,2.96,1.96,0.01,0.01,0.97
1348,Finland,FIN,2019,2.82,1.93,0.01,0.01,0.88
1369,France,FRA,2000,2.3,1.68,0.32,0.03,0.27
1370,France,FRA,2001,2.13,1.54,0.34,0.03,0.22
1371,France,FRA,2002,2.23,1.63,0.37,0.02,0.22
1372,France,FRA,2003,2.17,1.6,0.36,0.01,0.2
1373,France,FRA,2004,2.29,1.6,0.37,0.01,0.31
1374,France,FRA,2005,2.23,1.53,0.37,0.01,0.32
1375,France,FRA,2006,2.17,1.48,0.36,0.0,0.33
1376,France,FRA,2007,2.08,1.39,0.36,0.0,0.32
1377,France,FRA,2008,2.06,1.34,0.37,0.0,0.35
1378,France,FRA,2009,2.1,1.37,0.39,0.0,0.34
1379,France,FRA,2010,2.12,1.41,0.38,0.0,0.33
1380,France,FRA,2011,2.15,1.42,0.4,0.0,0.34
1381,France,FRA,2012,2.17,1.42,0.41,0.0,0.34
1382,France,FRA,2013,2.25,1.49,0.42,0.0,0.33
1394,Georgia,GEO,2015,0.927950067477116,0.582584084916564,0.0,0.0,0.345365982560553
1395,Georgia,GEO,2016,0.947091831352586,0.63846379202555,0.0,0.0,0.308628039327036
1396,Georgia,GEO,2017,1.49037097233341,1.22345350436654,0.0,0.0,0.266917467966872
1397,Georgia,GEO,2018,1.47737603050001,1.20091455749857,0.0,0.0,0.276461473001444
1398,Georgia,GEO,2019,1.31505604130448,1.0762871815586,0.0,0.0,0.23876885974588
1419,Germany,DEU,2000,2.33,1.98,0.02,0.0,0.33
1420,Germany,DEU,2001,2.5,2.1,0.02,0.0,0.39
1421,Germany,DEU,2002,2.5,2.13,0.02,0.0,0.35
1422,Germany,DEU,2003,2.63,2.28,0.02,0.0,0.33
1423,Germany,DEU,2004,2.51,2.15,0.02,0.0,0.34
1424,Germany,DEU,2005,2.44,2.05,0.02,0.0,0.38
1425,Germany,DEU,2006,2.37,1.98,0.01,0.0,0.38
1426,Germany,DEU,2007,2.19,1.83,0.01,0.0,0.36
1427,Germany,DEU,2008,2.17,1.81,0.01,0.0,0.35
1428,Germany,DEU,2009,2.27,1.93,0.01,0.0,0.34
1429,Germany,DEU,2010,2.16,1.81,0.01,0.0,0.33
1459,Ghana,GHA,2000,1.96,1.96,0.0,0.0,0.0
1460,Ghana,GHA,2001,1.7,1.7,0.0,0.0,0.0
1461,Ghana,GHA,2002,2.21,2.21,0.0,0.0,0.0
1462,Ghana,GHA,2003,3.51,3.51,0.0,0.0,0.0
1463,Ghana,GHA,2004,3.91,3.91,0.0,0.0,0.0
1464,Ghana,GHA,2005,4.14,4.14,0.0,0.0,0.0
1465,Ghana,GHA,2006,2.18,2.18,0.0,0.0,0.0
1466,Ghana,GHA,2007,1.74,1.74,0.0,0.0,0.0
1467,Ghana,GHA,2008,1.59,1.55,0.0,0.0,0.04
1468,Ghana,GHA,2009,1.01,0.95,0.0,0.0,0.06
1469,Ghana,GHA,2010,0.71,0.63,0.0,0.0,0.08
1470,Ghana,GHA,2011,0.82,0.73,0.0,0.0,0.08
1471,Ghana,GHA,2012,0.81,0.72,0.0,0.0,0.09
1472,Ghana,GHA,2013,0.49,0.42,0.0,0.0,0.07
1473,Ghana,GHA,2014,0.42,0.39,0.0,0.0,0.04
1474,Ghana,GHA,2015,1.32,1.2,0.0,0.0,0.13
1475,Ghana,GHA,2016,2.4,1.82,0.0,0.0,0.58
1476,Ghana,GHA,2017,1.8,1.27,0.0,0.0,0.54
1477,Ghana,GHA,2018,1.77,1.18,0.0,0.0,0.59
1478,Ghana,GHA,2019,1.66,1.06,0.0,0.0,0.6
1499,Greece,GRC,2000,2.13,1.43,0.0,0.0,0.7
1500,Greece,GRC,2001,2.28,1.41,0.0,0.0,0.88
1501,Greece,GRC,2002,2.25,1.37,0.0,0.0,0.88
1502,Greece,GRC,2003,2.14,1.33,0.0,0.0,0.81
1503,Greece,GRC,2004,2.11,1.25,0.0,0.0,0.85
1504,Greece,GRC,2005,2.1,1.26,0.0,0.0,0.84
1505,Greece,GRC,2006,1.95,1.15,0.0,0.0,0.8
1506,Greece,GRC,2007,2.0,1.19,0.0,0.0,0.81
1507,Greece,GRC,2008,1.89,1.12,0.0,0.0,0.78
1508,Greece,GRC,2009,2.06,1.32,0.0,0.0,0.74
1509,Greece,GRC,2010,2.66,1.99,0.0,0.0,0.66
1510,Greece,GRC,2011,2.95,2.26,0.0,0.0,0.69
1511,Greece,GRC,2012,3.31,2.63,0.0,0.0,0.68
1512,Greece,GRC,2013,3.65,2.95,0.0,0.0,0.69
1513,Greece,GRC,2014,3.73,3.0,0.0,0.0,0.73
1516,Greece,GRC,2017,4.01,3.22,0.01,0.0,0.8
1517,Greece,GRC,2018,3.78,2.98,0.01,0.0,0.79
1518,Greece,GRC,2019,3.84,3.04,0.01,0.0,0.79
1524,Guatemala,GTM,2015,1.06601089413316,0.608959068134677,0.0654510314117902,0.0,0.391600794586695
1525,Guatemala,GTM,2016,1.0566052194277,0.636489608409775,0.0233224559134166,0.0,0.396793155104509
1526,Guatemala,GTM,2017,1.03753080445131,0.626074515493907,0.0216482212632242,0.0,0.389808067694181
1527,Guatemala,GTM,2018,1.02550339092897,0.619765633771307,0.0223595986283443,0.0,0.383378158529314
1528,Guatemala,GTM,2019,1.02548273777652,0.630114865872888,0.0221226914519338,0.0,0.3732451804517
1549,Guyana,GUY,2000,1.49,0.0,0.1,0.0,1.38
1550,Guyana,GUY,2001,1.62,0.0,0.27,0.0,1.36
1551,Guyana,GUY,2002,1.59,0.0,0.24,0.0,1.35
1552,Guyana,GUY,2003,1.48,0.0,0.24,0.0,1.24
1553,Guyana,GUY,2004,1.53,0.0,0.18,0.0,1.36
1554,Guyana,GUY,2005,1.61,0.0,0.29,0.0,1.32
1555,Guyana,GUY,2006,0.55,0.0,0.09,0.0,0.46
1556,Guyana,GUY,2007,0.38,0.0,0.09,0.0,0.28
1557,Guyana,GUY,2008,1.92,0.63,0.1,0.0,1.19
1558,Guyana,GUY,2009,3.09,1.6,0.1,0.0,1.38
1559,Guyana,GUY,2010,2.84,1.35,0.11,0.0,1.37
1560,Guyana,GUY,2011,2.62,1.21,0.14,0.0,1.27
1561,Guyana,GUY,2012,2.42,0.8,0.13,0.0,1.5
1562,Guyana,GUY,2013,2.92,1.38,0.13,0.0,1.41
1563,Guyana,GUY,2014,3.04,1.62,0.12,0.0,1.3
1564,Guyana,GUY,2015,3.47,2.19,0.06,0.0,1.22
1565,Guyana,GUY,2016,3.03,1.95,0.0,0.0,1.08
1566,Guyana,GUY,2017,3.28,2.22,0.17,0.0,0.89
1567,Guyana,GUY,2018,3.9,2.65,0.2,0.0,1.05
1568,Guyana,GUY,2019,4.01,2.7,0.2,0.0,1.11
1574,Honduras,HND,2015,2.49912567165836,2.28805167576735,0.0,0.0183118311456951,0.192762164745316
1575,Honduras,HND,2016,2.54969016688313,2.38650465716477,0.0,0.014660557837837,0.148524951880528
1576,Honduras,HND,2017,2.56013097844694,2.40132343583491,0.0,0.0147711104373734,0.144036432174648
1577,Honduras,HND,2018,2.48101160402959,2.32205195470801,0.0,0.0156532091473286,0.143306440174251
1578,Honduras,HND,2019,2.47806700976407,2.35135299255819,0.0,0.0030362223708961,0.123677794834984
1599,Hungary,HUN,2000,2.89,2.58,0.12,0.07,0.12
1600,Hungary,HUN,2001,2.68,2.37,0.11,0.08,0.12
1601,Hungary,HUN,2002,2.61,2.3,0.12,0.08,0.11
1602,Hungary,HUN,2003,2.64,2.26,0.14,0.07,0.18
1603,Hungary,HUN,2004,2.91,2.16,0.16,0.09,0.5
1604,Hungary,HUN,2005,2.8,2.06,0.12,0.09,0.53
1605,Hungary,HUN,2006,2.95,2.14,0.13,0.09,0.58
1606,Hungary,HUN,2007,2.9,2.06,0.14,0.08,0.62
1607,Hungary,HUN,2008,2.99,2.17,0.17,0.08,0.57
1608,Hungary,HUN,2009,2.89,2.17,0.19,0.07,0.46
1609,Hungary,HUN,2010,2.86,2.21,0.11,0.06,0.47
1610,Hungary,HUN,2011,2.75,2.11,0.11,0.05,0.47
1611,Hungary,HUN,2012,2.86,2.15,0.24,0.06,0.41
1612,Hungary,HUN,2013,2.72,2.06,0.22,0.05,0.39
1613,Hungary,HUN,2014,2.37,1.73,0.21,0.05,0.37
1614,Hungary,HUN,2015,2.73,2.08,0.24,0.05,0.36
1615,Hungary,HUN,2016,2.8,2.16,0.24,0.05,0.36
1616,Hungary,HUN,2017,2.69,2.05,0.24,0.05,0.34
1617,Hungary,HUN,2018,2.56,1.97,0.23,0.05,0.33
1618,Hungary,HUN,2019,2.46,1.88,0.22,0.04,0.32
1645,Iceland,ISL,2006,2.87,1.19,0.3,0.0,1.38
1647,Iceland,ISL,2008,2.11,0.92,0.3,0.0,0.89
1648,Iceland,ISL,2009,1.93,1.06,0.31,0.0,0.56
1649,Iceland,ISL,2010,2.2,1.31,0.31,0.0,0.59
1653,Iceland,ISL,2014,2.29,1.35,0.32,0.0,0.63
1654,Iceland,ISL,2015,2.25,1.27,0.32,0.0,0.66
1655,Iceland,ISL,2016,2.18,1.15,0.33,0.0,0.71
1656,Iceland,ISL,2017,2.32,1.2,0.34,0.0,0.77
1657,Iceland,ISL,2018,2.22,1.17,0.34,0.0,0.71
1658,Iceland,ISL,2019,1.98,1.08,0.34,0.0,0.56
1679,Ireland,IRL,2000,2.74,1.38,0.0,0.0,1.37
1680,Ireland,IRL,2001,2.28,1.18,0.0,0.0,1.1
1681,Ireland,IRL,2002,2.27,1.23,0.02,0.0,1.02
1682,Ireland,IRL,2003,2.27,1.21,0.03,0.0,1.03
1683,Ireland,IRL,2004,2.45,1.33,0.03,0.0,1.09
1684,Ireland,IRL,2005,2.48,1.3,0.03,0.0,1.15
1685,Ireland,IRL,2006,2.42,1.22,0.03,0.0,1.18
1686,Ireland,IRL,2007,2.45,1.14,0.03,0.0,1.28
1687,Ireland,IRL,2008,2.3,1.2,0.03,0.0,1.07
1688,Ireland,IRL,2009,2.26,1.34,0.03,0.0,0.89
1689,Ireland,IRL,2010,2.44,1.5,0.04,0.0,0.91
1690,Ireland,IRL,2011,2.45,1.57,0.04,0.0,0.85
1691,Ireland,IRL,2012,2.38,1.5,0.04,0.0,0.84
1692,Ireland,IRL,2013,2.48,1.52,0.03,0.0,0.93
1693,Ireland,IRL,2014,2.39,1.44,0.02,0.0,0.92
1694,Ireland,IRL,2015,1.92,1.18,0.02,0.0,0.72
1695,Ireland,IRL,2016,1.88,1.15,0.02,0.0,0.71
1696,Ireland,IRL,2017,1.68,1.01,0.02,0.0,0.65
1697,Ireland,IRL,2018,1.56,0.96,0.01,0.0,0.59
1698,Ireland,IRL,2019,1.39,0.83,0.01,0.0,0.56
1704,Israel,ISR,2015,2.74335747043341,1.53109942509291,0.0642672004483936,0.0001891402671537,1.14780170462495
1705,Israel,ISR,2016,3.03248979139135,1.49808083978278,0.0660316988370796,0.000298095124885,1.46807915764661
1706,Israel,ISR,2017,2.66697400652721,1.51275212306857,0.0639238381574611,0.0002420352199453,1.09005601008123
1707,Israel,ISR,2018,2.65372812605829,1.41002306102698,0.0640613005375839,0.0002231739772707,1.17942059051646
1708,Israel,ISR,2019,2.55989005116836,1.36522731105236,0.061910924588235,0.0003198818479078,1.13243193367986
1729,Italy,ITA,2000,3.09,2.46,0.09,0.0,0.54
1730,Italy,ITA,2001,2.96,2.33,0.09,0.0,0.55
1731,Italy,ITA,2002,2.94,2.34,0.05,0.0,0.55
1732,Italy,ITA,2003,3.0,2.38,0.05,0.0,0.57
1733,Italy,ITA,2004,2.85,2.25,0.05,0.0,0.55
1734,Italy,ITA,2005,2.91,2.3,0.05,0.0,0.56
1735,Italy,ITA,2006,2.88,2.27,0.05,0.0,0.56
1736,Italy,ITA,2007,2.73,2.11,0.06,0.0,0.57
1737,Italy,ITA,2008,2.58,1.97,0.06,0.0,0.56
1738,Italy,ITA,2009,2.81,2.2,0.06,0.0,0.56
1739,Italy,ITA,2010,2.82,2.2,0.07,0.0,0.55
1740,Italy,ITA,2011,3.07,2.43,0.07,0.0,0.57
1741,Italy,ITA,2012,3.5,2.82,0.07,0.0,0.62
1742,Italy,ITA,2013,3.46,2.8,0.06,0.0,0.61
1743,Italy,ITA,2014,3.6,2.94,0.06,0.0,0.6
1744,Italy,ITA,2015,3.43,2.75,0.07,0.0,0.61
1745,Italy,ITA,2016,3.55,2.85,0.07,0.0,0.62
1746,Italy,ITA,2017,3.38,2.7,0.07,0.0,0.61
1747,Italy,ITA,2018,3.35,2.66,0.07,0.0,0.62
1748,Italy,ITA,2019,3.3,2.62,0.07,0.0,0.61
1809,Japan,JPN,2000,1.65,0.98,0.01,0.0,0.65
1810,Japan,JPN,2001,1.66,0.99,0.01,0.0,0.66
1811,Japan,JPN,2002,1.68,1.0,0.01,0.0,0.66
1812,Japan,JPN,2003,1.68,1.01,0.01,0.0,0.67
1813,Japan,JPN,2004,1.66,1.0,0.01,0.0,0.65
1814,Japan,JPN,2005,1.66,0.99,0.01,0.0,0.66
1815,Japan,JPN,2006,1.63,0.98,0.01,0.0,0.64
1816,Japan,JPN,2007,1.6,0.96,0.01,0.0,0.63
1817,Japan,JPN,2008,1.53,0.9,0.01,0.0,0.62
1818,Japan,JPN,2009,1.6,0.98,0.01,0.0,0.61
1819,Japan,JPN,2010,1.52,0.97,0.01,0.0,0.54
1820,Japan,JPN,2011,1.52,0.96,0.01,0.0,0.54
1821,Japan,JPN,2012,1.5,0.96,0.01,0.0,0.53
1822,Japan,JPN,2013,1.46,0.95,0.01,0.0,0.51
1823,Japan,JPN,2014,1.39,0.91,0.01,0.0,0.48
1824,Japan,JPN,2015,1.35,0.87,0.01,0.0,0.47
1825,Japan,JPN,2016,1.35,0.87,0.01,0.0,0.47
1826,Japan,JPN,2017,1.33,0.85,0.01,0.0,0.47
1827,Japan,JPN,2018,1.33,0.84,0.01,0.0,0.48
1828,Japan,JPN,2019,1.28,0.81,0.01,0.0,0.47
1834,"Kazakhstan, Rep. of",KAZ,2015,1.7386179579661,1.18911147452288,0.155020993470818,0.288799030626546,0.105686459345849
1835,"Kazakhstan, Rep. of",KAZ,2016,1.26462732975454,0.682629656714813,0.143100605371595,0.339093251921658,0.0998038157464742
1836,"Kazakhstan, Rep. of",KAZ,2017,1.97905767057272,1.25875386133509,0.13337719841865,0.476624555939569,0.110302054879415
1837,"Kazakhstan, Rep. of",KAZ,2018,1.60983080754079,0.860821675476718,0.14093602119977,0.499384175294737,0.108688935569563
1838,"Kazakhstan, Rep. of",KAZ,2019,1.36677984208074,0.591507962492856,0.144981758536641,0.525257066619379,0.105033054431862
1860,Kenya,KEN,2001,3.76,2.52,0.0,0.0,1.24
1861,Kenya,KEN,2002,3.67,2.5,0.0,0.0,1.18
1862,Kenya,KEN,2003,3.38,2.28,0.0,0.0,1.09
1863,Kenya,KEN,2004,3.35,2.2,0.0,0.0,1.15
1864,Kenya,KEN,2005,3.32,2.16,0.0,0.0,1.16
1865,Kenya,KEN,2006,2.67,1.71,0.0,0.0,0.95
1866,Kenya,KEN,2007,2.72,1.57,0.0,0.0,1.14
1867,Kenya,KEN,2008,2.42,1.39,0.0,0.0,1.03
1868,Kenya,KEN,2009,2.11,1.22,0.0,0.0,0.89
1869,Kenya,KEN,2010,2.1,1.21,0.0,0.0,0.89
1870,Kenya,KEN,2011,1.88,1.08,0.0,0.0,0.8
1871,Kenya,KEN,2012,1.62,0.88,0.0,0.0,0.74
1872,Kenya,KEN,2013,1.56,0.81,0.0,0.0,0.75
1873,Kenya,KEN,2014,1.94,0.87,0.0,0.0,1.07
1874,Kenya,KEN,2015,1.76,0.79,0.0,0.0,0.98
1875,Kenya,KEN,2016,1.89,0.82,0.0,0.0,1.07
1876,Kenya,KEN,2017,2.15,0.82,0.0,0.0,1.32
1877,Kenya,KEN,2018,2.06,0.79,0.0,0.0,1.27
1878,Kenya,KEN,2019,2.13,0.88,0.0,0.0,1.24
1896,"Korea, Rep. of",KOR,2000,2.45,1.76,0.0,0.0,0.69
1897,"Korea, Rep. of",KOR,2001,2.67,2.03,0.0,0.0,0.65
1898,"Korea, Rep. of",KOR,2002,2.43,1.81,0.0,0.0,0.62
1899,"Korea, Rep. of",KOR,2003,2.46,1.87,0.0,0.0,0.59
1900,"Korea, Rep. of",KOR,2004,2.32,1.84,0.0,0.0,0.47
1901,"Korea, Rep. of",KOR,2005,2.55,2.06,0.0,0.0,0.49
1902,"Korea, Rep. of",KOR,2006,2.46,1.92,0.0,0.0,0.54
1903,"Korea, Rep. of",KOR,2007,2.6,2.04,0.0,0.0,0.55
1904,"Korea, Rep. of",KOR,2008,2.5,1.94,0.01,0.0,0.56
1905,"Korea, Rep. of",KOR,2009,2.24,1.73,0.0,0.0,0.51
1906,"Korea, Rep. of",KOR,2010,2.51,1.96,0.0,0.0,0.56
1907,"Korea, Rep. of",KOR,2011,2.62,1.69,0.0,0.0,0.93
1908,"Korea, Rep. of",KOR,2012,2.73,1.83,0.01,0.0,0.89
1909,"Korea, Rep. of",KOR,2013,2.61,1.75,0.02,0.0,0.84
1910,"Korea, Rep. of",KOR,2014,2.66,1.73,0.05,0.0,0.88
1933,Kyrgyz Rep.,KGZ,2000,0.72,0.0,0.0,0.0,0.72
1934,Kyrgyz Rep.,KGZ,2001,0.56,0.0,0.0,0.0,0.56
1935,Kyrgyz Rep.,KGZ,2002,0.5,0.0,0.0,0.0,0.5
1936,Kyrgyz Rep.,KGZ,2003,0.53,0.0,0.0,0.0,0.53
1937,Kyrgyz Rep.,KGZ,2004,0.51,0.0,0.0,0.0,0.51
1938,Kyrgyz Rep.,KGZ,2005,0.51,0.0,0.0,0.0,0.51
1939,Kyrgyz Rep.,KGZ,2006,0.55,0.0,0.0,0.0,0.55
1940,Kyrgyz Rep.,KGZ,2007,0.54,0.0,0.0,0.0,0.54
1941,Kyrgyz Rep.,KGZ,2008,0.63,0.0,0.0,0.0,0.63
1942,Kyrgyz Rep.,KGZ,2009,0.3,0.0,0.0,0.0,0.3
1943,Kyrgyz Rep.,KGZ,2010,0.2,0.0,0.0,0.0,0.2
1944,Kyrgyz Rep.,KGZ,2011,0.15,0.0,0.0,0.0,0.15
1945,Kyrgyz Rep.,KGZ,2012,0.18,0.0,0.0,0.0,0.18
1946,Kyrgyz Rep.,KGZ,2013,0.18,0.0,0.0,0.0,0.18
1947,Kyrgyz Rep.,KGZ,2014,0.17,0.0,0.0,0.0,0.17
1948,Kyrgyz Rep.,KGZ,2015,0.16,0.0,0.0,0.0,0.16
1949,Kyrgyz Rep.,KGZ,2016,0.17,0.0,0.0,0.0,0.17
1950,Kyrgyz Rep.,KGZ,2017,0.15,0.0,0.0,0.0,0.15
1951,Kyrgyz Rep.,KGZ,2018,0.15,0.0,0.0,0.0,0.15
1952,Kyrgyz Rep.,KGZ,2019,0.14,0.0,0.0,0.0,0.14
1973,Latvia,LVA,2000,2.46,1.81,0.11,0.22,0.33
1974,Latvia,LVA,2001,2.24,1.64,0.09,0.2,0.31
1975,Latvia,LVA,2002,2.33,1.71,0.09,0.19,0.34
1976,Latvia,LVA,2003,2.44,1.88,0.07,0.15,0.34
1977,Latvia,LVA,2004,2.55,2.03,0.07,0.11,0.34
1978,Latvia,LVA,2005,2.58,2.11,0.06,0.11,0.29
1979,Latvia,LVA,2006,2.27,1.84,0.05,0.09,0.28
1980,Latvia,LVA,2007,2.08,1.71,0.04,0.07,0.26
1981,Latvia,LVA,2008,2.11,1.8,0.04,0.06,0.22
1982,Latvia,LVA,2009,3.37,3.05,0.04,0.06,0.22
1983,Latvia,LVA,2010,3.31,2.84,0.05,0.07,0.34
1984,Latvia,LVA,2011,3.14,2.54,0.06,0.08,0.46
1985,Latvia,LVA,2012,3.1,2.52,0.07,0.08,0.43
1986,Latvia,LVA,2013,3.31,2.7,0.07,0.09,0.45
1987,Latvia,LVA,2014,3.51,2.87,0.07,0.09,0.48
1988,Latvia,LVA,2015,3.67,2.98,0.07,0.09,0.52
1989,Latvia,LVA,2016,3.75,3.09,0.06,0.08,0.53
1990,Latvia,LVA,2017,3.69,3.02,0.06,0.1,0.51
1991,Latvia,LVA,2018,3.61,2.96,0.06,0.11,0.49
1992,Latvia,LVA,2019,3.42,2.79,0.05,0.1,0.47
2030,"Lesotho, Kingdom of",LSO,2017,0.34,0.18,0.0,0.0,0.17
2031,"Lesotho, Kingdom of",LSO,2018,0.92,0.23,0.0,0.0,0.68
2032,"Lesotho, Kingdom of",LSO,2019,0.84,0.13,0.0,0.0,0.7
2053,Lithuania,LTU,2000,2.47,1.72,0.0,0.08,0.67
2054,Lithuania,LTU,2001,2.56,1.81,0.0,0.09,0.66
2055,Lithuania,LTU,2002,2.84,2.0,0.0,0.11,0.73
2056,Lithuania,LTU,2003,2.76,1.97,0.0,0.05,0.74
2057,Lithuania,LTU,2004,2.67,1.83,0.01,0.05,0.78
2058,Lithuania,LTU,2005,2.26,1.74,0.01,0.05,0.48
2059,Lithuania,LTU,2006,1.77,1.64,0.0,0.03,0.09
2060,Lithuania,LTU,2007,1.71,1.58,0.0,0.03,0.1
2061,Lithuania,LTU,2008,1.59,1.53,0.0,0.02,0.05
2062,Lithuania,LTU,2009,1.98,1.91,0.0,0.03,0.04
2063,Lithuania,LTU,2010,1.86,1.75,0.0,0.07,0.05
2064,Lithuania,LTU,2011,1.72,1.58,0.0,0.1,0.05
2065,Lithuania,LTU,2012,1.67,1.53,0.0,0.09,0.05
2066,Lithuania,LTU,2013,1.72,1.53,0.0,0.11,0.09
2067,Lithuania,LTU,2014,1.79,1.58,0.0,0.11,0.1
2068,Lithuania,LTU,2015,1.92,1.66,0.0,0.17,0.09
2069,Lithuania,LTU,2016,2.0,1.73,0.01,0.17,0.09
2070,Lithuania,LTU,2017,2.06,1.8,0.01,0.17,0.08
2071,Lithuania,LTU,2018,2.22,1.95,0.01,0.18,0.09
2072,Lithuania,LTU,2019,2.12,1.88,0.01,0.16,0.08
2093,Luxembourg,LUX,2000,2.67,2.54,0.0,0.0,0.13
2094,Luxembourg,LUX,2001,2.68,2.55,0.0,0.0,0.13
2095,Luxembourg,LUX,2002,2.67,2.54,0.0,0.0,0.13
2096,Luxembourg,LUX,2003,2.76,2.63,0.0,0.0,0.14
2097,Luxembourg,LUX,2004,3.0,2.87,0.0,0.0,0.13
2098,Luxembourg,LUX,2005,2.97,2.84,0.0,0.0,0.13
2099,Luxembourg,LUX,2006,2.63,2.5,0.0,0.0,0.13
2100,Luxembourg,LUX,2007,2.55,2.36,0.0,0.0,0.2
2101,Luxembourg,LUX,2008,2.48,2.3,0.0,0.0,0.18
2102,Luxembourg,LUX,2009,2.4,2.2,0.0,0.0,0.21
2103,Luxembourg,LUX,2010,2.28,2.09,0.0,0.01,0.17
2104,Luxembourg,LUX,2011,2.32,2.15,0.0,0.01,0.16
2105,Luxembourg,LUX,2012,2.25,2.08,0.0,0.02,0.15
2106,Luxembourg,LUX,2013,2.06,1.9,0.0,0.01,0.16
2107,Luxembourg,LUX,2014,1.91,1.75,0.0,0.01,0.15
2108,Luxembourg,LUX,2015,1.78,1.61,0.0,0.03,0.14
2109,Luxembourg,LUX,2016,1.68,1.52,0.0,0.03,0.14
2110,Luxembourg,LUX,2017,1.66,1.51,0.0,0.02,0.13
2111,Luxembourg,LUX,2018,1.73,1.58,0.0,0.02,0.13
2112,Luxembourg,LUX,2019,1.77,1.63,0.0,0.02,0.13
2148,"Madagascar, Rep. of",MDG,2015,1.20242589240853,1.20242589240853,0.0,0.0,0.0
2149,"Madagascar, Rep. of",MDG,2016,1.08256399845024,1.08256399845024,0.0,0.0,0.0
2150,"Madagascar, Rep. of",MDG,2017,1.13184391917743,1.13184391917743,0.0,0.0,0.0
2151,"Madagascar, Rep. of",MDG,2018,1.43691465867192,1.43691465867192,0.0,0.0,0.0
2152,"Madagascar, Rep. of",MDG,2019,1.56082418088999,1.56082418088999,0.0,0.0,0.0
2173,Malaysia,MYS,2000,0.54,0.0,0.0,0.0,0.54
2174,Malaysia,MYS,2001,0.59,0.0,0.0,0.0,0.58
2175,Malaysia,MYS,2002,0.56,0.0,0.0,0.0,0.56
2176,Malaysia,MYS,2003,0.53,0.0,0.0,0.0,0.53
2177,Malaysia,MYS,2004,0.48,0.0,0.0,0.0,0.47
2178,Malaysia,MYS,2005,0.4,0.0,0.0,0.0,0.4
2179,Malaysia,MYS,2006,0.3,0.0,0.0,0.0,0.3
2180,Malaysia,MYS,2007,0.26,0.0,0.0,0.0,0.26
2181,Malaysia,MYS,2008,0.24,0.0,0.0,0.0,0.24
2182,Malaysia,MYS,2009,0.26,0.0,0.0,0.0,0.26
2183,Malaysia,MYS,2010,0.25,0.0,0.0,0.0,0.24
2184,Malaysia,MYS,2011,0.24,0.0,0.0,0.0,0.24
2185,Malaysia,MYS,2012,0.24,0.0,0.0,0.0,0.24
2186,Malaysia,MYS,2013,0.24,0.0,0.0,0.0,0.24
2187,Malaysia,MYS,2014,0.23,0.0,0.0,0.0,0.23
2188,Malaysia,MYS,2015,0.22,0.0,0.0,0.0,0.22
2189,Malaysia,MYS,2016,0.22,0.0,0.0,0.0,0.22
2190,Malaysia,MYS,2017,0.2,0.0,0.0,0.0,0.2
2191,Malaysia,MYS,2018,0.78,0.1,0.02,0.0,0.65
2192,Malaysia,MYS,2019,0.69,0.07,0.02,0.0,0.6
2220,Maldives,MDV,2007,0.15,0.0,0.0,0.0,0.15
2221,Maldives,MDV,2008,0.14,0.0,0.0,0.0,0.14
2222,Maldives,MDV,2009,0.01,0.0,0.0,0.0,0.01
2223,Maldives,MDV,2010,0.25,0.0,0.0,0.0,0.25
2224,Maldives,MDV,2011,0.95,0.0,0.0,0.0,0.95
2225,Maldives,MDV,2012,0.78,0.0,0.0,0.0,0.78
2226,Maldives,MDV,2013,0.79,0.0,0.0,0.0,0.79
2227,Maldives,MDV,2014,0.85,0.0,0.0,0.0,0.85
2228,Maldives,MDV,2015,0.89,0.0,0.0,0.0,0.89
2229,Maldives,MDV,2016,0.91,0.0,0.0,0.0,0.91
2230,Maldives,MDV,2017,1.08,0.0,0.0,0.0,1.08
2231,Maldives,MDV,2018,0.9,0.0,0.0,0.0,0.9
2232,Maldives,MDV,2019,0.97,0.0,0.0,0.0,0.97
2253,Mali,MLI,2000,2.11,1.6,0.0,0.39,0.11
2254,Mali,MLI,2001,1.9,1.12,0.0,0.68,0.1
2255,Mali,MLI,2002,2.09,1.11,0.0,0.84,0.14
2256,Mali,MLI,2003,2.0,1.23,0.0,0.64,0.12
2257,Mali,MLI,2004,1.69,1.06,0.0,0.53,0.1
2258,Mali,MLI,2005,1.5,0.8,0.0,0.6,0.1
2259,Mali,MLI,2006,1.48,0.46,0.0,0.92,0.1
2260,Mali,MLI,2007,1.73,0.94,0.0,0.68,0.1
2261,Mali,MLI,2008,1.46,0.8,0.0,0.58,0.09
2262,Mali,MLI,2009,1.37,0.48,0.0,0.81,0.08
2263,Mali,MLI,2010,1.34,0.49,0.0,0.78,0.08
2264,Mali,MLI,2011,0.95,0.08,0.0,0.79,0.08
2265,Mali,MLI,2012,1.51,0.4,0.0,1.03,0.08
2266,Mali,MLI,2013,1.26,0.34,0.0,0.85,0.08
2267,Mali,MLI,2014,1.2,0.39,0.0,0.73,0.08
2268,Mali,MLI,2015,2.0,1.2,0.0,0.72,0.08
2269,Mali,MLI,2016,2.03,1.21,0.0,0.72,0.1
2270,Mali,MLI,2017,1.83,0.98,0.0,0.76,0.08
2271,Mali,MLI,2018,1.24,0.51,0.0,0.65,0.08
2272,Mali,MLI,2019,1.48,0.43,0.0,0.98,0.07
2293,Malta,MLT,2000,3.52,1.33,0.0,0.0,2.19
2294,Malta,MLT,2001,3.46,1.45,0.0,0.0,2.02
2295,Malta,MLT,2002,3.19,1.3,0.0,0.0,1.89
2296,Malta,MLT,2003,3.13,1.17,0.0,0.0,1.96
2297,Malta,MLT,2004,2.81,1.15,0.02,0.0,1.64
2298,Malta,MLT,2005,3.06,1.21,0.2,0.0,1.65
2299,Malta,MLT,2006,3.18,1.24,0.22,0.0,1.72
2300,Malta,MLT,2007,3.51,1.69,0.25,0.0,1.58
2301,Malta,MLT,2008,3.22,1.39,0.28,0.0,1.56
2302,Malta,MLT,2009,3.1,1.38,0.21,0.0,1.51
2303,Malta,MLT,2010,2.8,1.36,0.15,0.0,1.28
2304,Malta,MLT,2011,3.05,1.55,0.16,0.0,1.34
2305,Malta,MLT,2012,2.79,1.47,0.13,0.0,1.18
2306,Malta,MLT,2013,2.59,1.35,0.15,0.0,1.08
2307,Malta,MLT,2014,2.73,1.46,0.19,0.0,1.08
2308,Malta,MLT,2015,2.69,1.38,0.21,0.01,1.09
2309,Malta,MLT,2016,2.63,1.37,0.17,0.01,1.07
2310,Malta,MLT,2017,2.54,1.29,0.2,0.01,1.04
2311,Malta,MLT,2018,2.48,1.25,0.21,0.02,1.01
2312,Malta,MLT,2019,2.46,1.26,0.22,0.02,0.97
2340,"Mauritania, Islamic Rep. of",MRT,2007,0.86,0.26,0.0,0.51,0.09
2341,"Mauritania, Islamic Rep. of",MRT,2008,0.99,0.35,0.0,0.54,0.1
2342,"Mauritania, Islamic Rep. of",MRT,2009,0.82,0.4,0.0,0.3,0.12
2343,"Mauritania, Islamic Rep. of",MRT,2010,0.86,0.32,0.0,0.4,0.13
2344,"Mauritania, Islamic Rep. of",MRT,2011,1.16,0.3,0.0,0.74,0.12
2345,"Mauritania, Islamic Rep. of",MRT,2012,1.26,0.33,0.0,0.79,0.15
2346,"Mauritania, Islamic Rep. of",MRT,2013,0.5,0.3,0.0,0.07,0.13
2347,"Mauritania, Islamic Rep. of",MRT,2014,0.61,0.33,0.0,0.13,0.15
2348,"Mauritania, Islamic Rep. of",MRT,2015,0.7,0.52,0.0,0.03,0.15
2349,"Mauritania, Islamic Rep. of",MRT,2016,1.18,0.73,0.0,0.31,0.14
2350,"Mauritania, Islamic Rep. of",MRT,2017,1.25,0.71,0.0,0.41,0.13
2351,"Mauritania, Islamic Rep. of",MRT,2018,1.4,0.85,0.0,0.43,0.12
2352,"Mauritania, Islamic Rep. of",MRT,2019,1.27,0.8,0.0,0.36,0.1
2368,Mauritius,MUS,2005,0.67,0.0,0.07,0.02,0.58
2369,Mauritius,MUS,2006,0.77,0.0,0.06,0.02,0.69
2370,Mauritius,MUS,2007,2.1,0.76,0.1,0.05,1.19
2371,Mauritius,MUS,2008,2.11,0.69,0.11,0.03,1.28
2372,Mauritius,MUS,2009,2.36,0.76,0.1,0.04,1.46
2373,Mauritius,MUS,2010,2.34,0.79,0.1,0.03,1.43
2374,Mauritius,MUS,2011,2.56,0.91,0.15,0.07,1.42
2375,Mauritius,MUS,2012,2.64,0.88,0.11,0.03,1.61
2376,Mauritius,MUS,2013,2.42,0.81,0.09,0.04,1.47
2377,Mauritius,MUS,2014,2.59,0.8,0.1,0.14,1.54
2378,Mauritius,MUS,2015,2.48,0.78,0.15,0.05,1.49
2379,Mauritius,MUS,2016,2.41,0.77,0.14,0.05,1.45
2380,Mauritius,MUS,2017,2.52,0.77,0.13,0.02,1.6
2381,Mauritius,MUS,2018,2.77,1.03,0.13,0.03,1.58
2382,Mauritius,MUS,2019,2.97,1.11,0.14,0.06,1.66
2403,Mexico,MEX,2000,1.2,0.99,0.0,0.0,0.21
2404,Mexico,MEX,2001,1.47,1.23,0.0,0.0,0.23
2405,Mexico,MEX,2002,1.74,1.51,0.0,0.0,0.23
2406,Mexico,MEX,2003,1.34,1.11,0.0,0.0,0.23
2407,Mexico,MEX,2004,0.82,0.6,0.0,0.0,0.22
2408,Mexico,MEX,2005,0.39,0.16,0.0,0.0,0.22
2409,Mexico,MEX,2006,-0.16,-0.4,0.0,0.0,0.23
2410,Mexico,MEX,2007,-0.18,-0.42,0.0,0.0,0.23
2411,Mexico,MEX,2008,-1.53,-1.76,0.0,0.01,0.22
2412,Mexico,MEX,2009,0.25,0.03,0.0,0.02,0.21
2413,Mexico,MEX,2010,-0.21,-0.42,0.0,0.02,0.2
2414,Mexico,MEX,2011,-0.78,-0.99,0.0,0.02,0.19
2415,Mexico,MEX,2012,-1.12,-1.28,0.0,0.02,0.14
2416,Mexico,MEX,2013,-0.34,-0.53,0.0,0.02,0.16
2417,Mexico,MEX,2014,0.1,-0.07,0.01,0.01,0.16
2418,Mexico,MEX,2015,1.37,1.19,0.01,0.03,0.15
2419,Mexico,MEX,2016,1.56,1.38,0.01,0.03,0.15
2420,Mexico,MEX,2017,1.17,0.99,0.01,0.03,0.14
2421,Mexico,MEX,2018,0.96,0.8,0.01,0.03,0.12
2422,Mexico,MEX,2019,1.37,1.22,0.01,0.03,0.11
2441,Mongolia,MNG,2010,1.79,1.06,0.0,0.07,0.66
2442,Mongolia,MNG,2011,1.64,0.63,0.0,0.04,0.98
2443,Mongolia,MNG,2012,1.26,0.43,0.0,0.02,0.81
2444,Mongolia,MNG,2013,1.57,0.63,0.06,0.21,0.68
2445,Mongolia,MNG,2014,1.26,0.5,0.06,0.16,0.53
2446,Mongolia,MNG,2015,1.9,1.33,0.07,0.18,0.32
2447,Mongolia,MNG,2016,1.98,1.47,0.07,0.2,0.25
2448,Mongolia,MNG,2017,1.33,0.62,0.06,0.21,0.44
2449,Mongolia,MNG,2018,1.82,0.83,0.06,0.16,0.78
2450,Mongolia,MNG,2019,1.78,0.86,0.05,0.15,0.72
2471,Montenegro,MNE,2000,0.0,0.0,0.0,0.0,0.0
2476,Montenegro,MNE,2005,3.11,2.94,0.0,0.0,0.17
2477,Montenegro,MNE,2006,2.96,2.79,0.0,0.0,0.17
2511,Morocco,MAR,2000,2.21,1.98,0.0,0.01,0.22
2512,Morocco,MAR,2001,2.3,2.06,0.0,0.01,0.23
2513,Morocco,MAR,2002,2.16,1.93,0.0,0.01,0.22
2514,Morocco,MAR,2003,2.11,1.88,0.0,0.01,0.23
2515,Morocco,MAR,2004,1.8,1.58,0.0,0.01,0.21
2516,Morocco,MAR,2005,1.79,1.58,0.0,0.01,0.2
2517,Morocco,MAR,2006,1.76,1.55,0.0,0.01,0.21
2518,Morocco,MAR,2007,1.79,1.57,0.0,0.01,0.21
2519,Morocco,MAR,2008,1.69,1.48,0.0,0.01,0.19
2520,Morocco,MAR,2009,1.79,1.56,0.0,0.02,0.21
2521,Morocco,MAR,2010,1.76,1.57,0.0,0.02,0.18
2522,Morocco,MAR,2011,1.77,1.58,0.0,0.02,0.18
2523,Morocco,MAR,2012,1.75,1.55,0.0,0.02,0.18
2524,Morocco,MAR,2013,1.72,1.48,0.0,0.02,0.22
2525,Morocco,MAR,2014,1.73,1.5,0.0,0.02,0.21
2557,Namibia,NAM,2006,0.16,0.16,0.0,0.0,0.0
2558,Namibia,NAM,2007,0.11,0.11,0.0,0.0,0.0
2559,Namibia,NAM,2008,0.15,0.15,0.0,0.0,0.0
2560,Namibia,NAM,2009,0.11,0.11,0.0,0.0,0.0
2561,Namibia,NAM,2010,0.12,0.12,0.0,0.0,0.0
2562,Namibia,NAM,2011,0.1,0.1,0.0,0.0,0.0
2563,Namibia,NAM,2012,0.11,0.11,0.0,0.0,0.0
2564,Namibia,NAM,2013,0.11,0.11,0.0,0.0,0.0
2565,Namibia,NAM,2014,0.03,0.03,0.0,0.0,0.0
2566,Namibia,NAM,2015,0.14,0.14,0.0,0.0,0.0
2567,Namibia,NAM,2016,0.24,0.24,0.0,0.0,0.0
2568,Namibia,NAM,2017,0.2,0.2,0.0,0.0,0.0
2569,Namibia,NAM,2018,0.45,0.45,0.0,0.0,0.0
2570,Namibia,NAM,2019,0.66,0.66,0.0,0.0,0.0
2601,"Nauru, Rep. of",NRU,2010,0.01,0.0,0.0,0.0,0.01
2602,"Nauru, Rep. of",NRU,2011,0.01,0.0,0.0,0.0,0.01
2605,"Nauru, Rep. of",NRU,2014,0.58,0.0,0.0,0.0,0.58
2606,"Nauru, Rep. of",NRU,2015,1.56,0.0,0.0,0.0,1.56
2607,"Nauru, Rep. of",NRU,2016,0.97,0.0,0.0,0.0,0.97
2608,"Nauru, Rep. of",NRU,2017,0.38,0.0,0.0,0.0,0.38
2609,"Nauru, Rep. of",NRU,2018,2.31,0.0,0.0,0.0,2.31
2610,"Nauru, Rep. of",NRU,2019,1.14,0.0,0.0,0.0,1.14
2631,"Netherlands, The",NLD,2000,3.61,1.72,0.28,0.32,1.29
2632,"Netherlands, The",NLD,2001,3.47,1.69,0.27,0.31,1.21
2633,"Netherlands, The",NLD,2002,3.35,1.66,0.26,0.31,1.13
2634,"Netherlands, The",NLD,2003,3.42,1.71,0.25,0.31,1.16
2635,"Netherlands, The",NLD,2004,3.51,1.77,0.24,0.3,1.2
2636,"Netherlands, The",NLD,2005,3.63,1.85,0.25,0.3,1.22
2637,"Netherlands, The",NLD,2006,3.7,1.88,0.25,0.33,1.25
2638,"Netherlands, The",NLD,2007,3.47,1.68,0.23,0.31,1.25
2639,"Netherlands, The",NLD,2008,3.55,1.76,0.24,0.32,1.22
2640,"Netherlands, The",NLD,2009,3.59,1.86,0.23,0.36,1.14
2641,"Netherlands, The",NLD,2010,3.63,1.88,0.24,0.37,1.14
2642,"Netherlands, The",NLD,2011,3.45,1.85,0.23,0.27,1.1
2643,"Netherlands, The",NLD,2012,3.28,1.78,0.23,0.25,1.02
2644,"Netherlands, The",NLD,2013,3.29,1.9,0.19,0.26,0.95
2645,"Netherlands, The",NLD,2014,3.35,1.88,0.19,0.28,1.0
2646,"Netherlands, The",NLD,2015,3.36,1.86,0.19,0.27,1.04
2647,"Netherlands, The",NLD,2016,3.39,1.89,0.19,0.28,1.03
2648,"Netherlands, The",NLD,2017,3.37,1.86,0.18,0.27,1.06
2649,"Netherlands, The",NLD,2018,3.37,1.87,0.18,0.26,1.07
2650,"Netherlands, The",NLD,2019,3.42,1.94,0.19,0.25,1.04
2656,New Zealand,NZL,2015,1.80896934051304,0.854014743577006,0.0123194309217716,0.0262284658334492,0.916009299183341
2657,New Zealand,NZL,2016,1.75348484962096,0.842812474224485,0.0127471637560643,0.0221200782825821,0.875430216776767
2658,New Zealand,NZL,2017,1.68599555103908,0.797600215114594,0.012222420109024,0.0213019321900132,0.855569407631679
2659,New Zealand,NZL,2018,1.61086648948127,0.74708768032581,0.0115699419519484,0.0168590582728391,0.834688669390562
2660,New Zealand,NZL,2019,1.66331543577989,0.787408961702154,0.0115703461409768,0.0175118752403974,0.846511540638495
2682,Nicaragua,NIC,2001,1.77,1.77,0.0,0.0,0.03
2683,Nicaragua,NIC,2002,1.88,1.88,0.0,0.0,0.03
2684,Nicaragua,NIC,2003,1.95,1.95,0.0,0.0,0.02
2685,Nicaragua,NIC,2004,1.77,1.75,0.0,0.0,0.02
2686,Nicaragua,NIC,2005,1.68,1.66,0.0,0.0,0.02
2687,Nicaragua,NIC,2006,1.57,1.55,0.0,0.0,0.02
2688,Nicaragua,NIC,2007,1.55,1.54,0.0,0.0,0.01
2689,Nicaragua,NIC,2008,1.33,1.31,0.0,0.0,0.01
2690,Nicaragua,NIC,2009,1.36,1.35,0.0,0.0,0.01
2691,Nicaragua,NIC,2010,1.45,1.44,0.0,0.0,0.01
2692,Nicaragua,NIC,2011,1.24,1.23,0.0,0.0,0.01
2693,Nicaragua,NIC,2012,1.24,1.23,0.0,0.0,0.01
2694,Nicaragua,NIC,2013,1.27,1.26,0.0,0.0,0.01
2695,Nicaragua,NIC,2014,1.29,1.28,0.0,0.0,0.01
2696,Nicaragua,NIC,2015,1.28,1.26,0.0,0.0,0.02
2697,Nicaragua,NIC,2016,1.33,1.32,0.0,0.0,0.01
2698,Nicaragua,NIC,2017,1.35,1.34,0.0,0.0,0.01
2699,Nicaragua,NIC,2018,1.33,1.31,0.0,0.0,0.01
2700,Nicaragua,NIC,2019,1.35,1.34,0.0,0.0,0.02
2721,Niger,NER,2000,0.34,0.27,0.0,0.01,0.06
2722,Niger,NER,2001,0.35,0.31,0.0,0.01,0.03
2723,Niger,NER,2002,0.39,0.35,0.0,0.01,0.03
2724,Niger,NER,2003,0.42,0.38,0.0,0.01,0.03
2725,Niger,NER,2004,0.4,0.36,0.0,0.01,0.03
2726,Niger,NER,2005,0.33,0.29,0.0,0.01,0.03
2727,Niger,NER,2006,0.31,0.27,0.0,0.01,0.03
2728,Niger,NER,2007,0.32,0.28,0.0,0.01,0.03
2729,Niger,NER,2008,0.26,0.22,0.0,0.01,0.03
2730,Niger,NER,2009,0.32,0.28,0.0,0.01,0.03
2731,Niger,NER,2010,0.36,0.3,0.0,0.03,0.04
2732,Niger,NER,2011,0.37,0.31,0.0,0.03,0.03
2733,Niger,NER,2012,0.46,0.4,0.0,0.02,0.04
2734,Niger,NER,2013,0.33,0.28,0.0,0.01,0.04
2735,Niger,NER,2014,0.28,0.22,0.0,0.01,0.04
2736,Niger,NER,2015,0.39,0.34,0.0,0.01,0.04
2737,Niger,NER,2016,0.25,0.21,0.0,0.0,0.04
2738,Niger,NER,2017,0.21,0.17,0.0,0.01,0.04
2739,Niger,NER,2018,0.31,0.26,0.0,0.0,0.04
2740,Niger,NER,2019,0.25,0.21,0.0,0.01,0.04
2771,Nigeria,NGA,2010,0.01,0.0,0.0,0.0,0.01
2772,Nigeria,NGA,2011,0.01,0.0,0.0,0.0,0.01
2773,Nigeria,NGA,2012,0.01,0.0,0.0,0.0,0.01
2774,Nigeria,NGA,2013,0.02,0.0,0.0,0.0,0.02
2775,Nigeria,NGA,2014,0.01,0.0,0.0,0.0,0.01
2776,Nigeria,NGA,2015,0.02,0.0,0.0,0.0,0.02
2777,Nigeria,NGA,2016,0.02,0.0,0.0,0.0,0.02
2778,Nigeria,NGA,2017,0.02,0.0,0.0,0.0,0.02
2779,Nigeria,NGA,2018,0.02,0.0,0.0,0.0,0.02
2780,Nigeria,NGA,2019,0.02,0.0,0.0,0.0,0.02
2786,"North Macedonia, Republic of ",MKD,2015,1.83417597870308,1.16669708061844,0.0177295448283759,0.0,0.649749353256261
2787,"North Macedonia, Republic of ",MKD,2016,1.86753733225285,1.20060054405391,0.017501857786057,0.0,0.64941811786938
2788,"North Macedonia, Republic of ",MKD,2017,1.83360135640165,1.1754779924479,0.0160166702798549,0.0,0.642106693673901
2789,"North Macedonia, Republic of ",MKD,2018,1.94812347834771,1.30058997362595,0.0181425590541054,0.0,0.629390945667651
2790,"North Macedonia, Republic of ",MKD,2019,1.94514662551268,1.25627451518227,0.023834856637163,0.0,0.665022817075055
2811,Norway,NOR,2000,2.94,1.71,0.07,0.0,1.16
2812,Norway,NOR,2001,2.95,1.68,0.08,0.0,1.19
2813,Norway,NOR,2002,3.06,1.64,0.09,0.0,1.33
2814,Norway,NOR,2003,3.01,1.61,0.09,0.0,1.31
2815,Norway,NOR,2004,3.0,1.42,0.09,0.0,1.49
2816,Norway,NOR,2005,2.84,1.37,0.08,0.0,1.39
2817,Norway,NOR,2006,2.8,1.3,0.1,0.0,1.41
2818,Norway,NOR,2007,2.79,1.28,0.15,0.0,1.35
2819,Norway,NOR,2008,2.54,1.3,0.12,0.0,1.12
2820,Norway,NOR,2009,2.57,1.34,0.1,0.01,1.13
2821,Norway,NOR,2010,2.59,1.31,0.08,0.01,1.2
2822,Norway,NOR,2011,2.43,1.21,0.07,0.01,1.15
2823,Norway,NOR,2012,2.28,1.09,0.06,0.01,1.12
2824,Norway,NOR,2013,2.28,1.15,0.06,0.0,1.06
2825,Norway,NOR,2014,2.27,1.2,0.07,0.01,0.99
2826,Norway,NOR,2015,2.3,1.25,0.08,0.01,0.96
2827,Norway,NOR,2016,2.36,1.28,0.08,0.01,0.98
2828,Norway,NOR,2017,2.25,1.27,0.08,0.01,0.89
2829,Norway,NOR,2018,2.14,1.28,0.08,0.01,0.77
2830,Norway,NOR,2019,2.05,1.23,0.08,0.01,0.73
2862,Pakistan,PAK,2011,0.39,0.33,0.0,0.0,0.06
2863,Pakistan,PAK,2012,0.95,0.88,0.0,0.0,0.07
2864,Pakistan,PAK,2013,0.85,0.78,0.0,0.0,0.07
2865,Pakistan,PAK,2014,0.91,0.85,0.0,0.0,0.06
2866,Pakistan,PAK,2015,1.02,0.95,0.0,0.0,0.07
2867,Pakistan,PAK,2016,0.93,0.86,0.0,0.0,0.07
2868,Pakistan,PAK,2017,0.69,0.62,0.0,0.0,0.07
2869,Pakistan,PAK,2018,0.67,0.6,0.0,0.0,0.06
2870,Pakistan,PAK,2019,0.77,0.73,0.0,0.0,0.04
2891,Panama,PAN,2000,0.98,0.88,0.0,0.0,0.1
2892,Panama,PAN,2001,0.95,0.86,0.0,0.0,0.09
2893,Panama,PAN,2002,0.98,0.89,0.0,0.0,0.09
2894,Panama,PAN,2003,0.94,0.85,0.0,0.0,0.09
2895,Panama,PAN,2004,0.76,0.67,0.0,0.0,0.09
2896,Panama,PAN,2005,0.5,0.42,0.0,0.0,0.08
2897,Panama,PAN,2006,0.55,0.47,0.0,0.0,0.08
2898,Panama,PAN,2007,0.49,0.42,0.0,0.0,0.07
2899,Panama,PAN,2008,0.4,0.34,0.0,0.0,0.06
2900,Panama,PAN,2009,0.47,0.41,0.0,0.0,0.06
2901,Panama,PAN,2010,0.33,0.33,0.0,0.0,0.0
2902,Panama,PAN,2011,0.26,0.26,0.0,0.0,0.0
2903,Panama,PAN,2012,0.58,0.25,0.0,0.0,0.33
2904,Panama,PAN,2013,0.57,0.26,0.0,0.0,0.31
2905,Panama,PAN,2014,0.62,0.27,0.0,0.0,0.35
2906,Panama,PAN,2015,0.63,0.29,0.0,0.0,0.34
2907,Panama,PAN,2016,0.67,0.37,0.0,0.0,0.3
2908,Panama,PAN,2017,0.6,0.31,0.0,0.0,0.29
2909,Panama,PAN,2018,0.49,0.26,0.0,0.0,0.23
2910,Panama,PAN,2019,0.5,0.29,0.0,0.0,0.21
2931,Papua New Guinea,PNG,2000,0.03,0.0,0.0,0.0,0.03
2932,Papua New Guinea,PNG,2001,0.03,0.0,0.0,0.0,0.03
2933,Papua New Guinea,PNG,2002,0.03,0.0,0.0,0.0,0.03
2934,Papua New Guinea,PNG,2003,0.02,0.0,0.0,0.0,0.02
2935,Papua New Guinea,PNG,2004,0.03,0.0,0.0,0.0,0.03
2936,Papua New Guinea,PNG,2005,0.02,0.0,0.0,0.0,0.02
2937,Papua New Guinea,PNG,2006,0.01,0.0,0.0,0.0,0.01
2938,Papua New Guinea,PNG,2007,0.01,0.0,0.0,0.0,0.01
2939,Papua New Guinea,PNG,2008,0.01,0.0,0.0,0.0,0.01
2940,Papua New Guinea,PNG,2009,0.01,0.0,0.0,0.0,0.01
2941,Papua New Guinea,PNG,2010,0.01,0.0,0.0,0.0,0.01
2942,Papua New Guinea,PNG,2011,0.01,0.0,0.0,0.0,0.01
2943,Papua New Guinea,PNG,2012,0.01,0.0,0.0,0.0,0.01
2944,Papua New Guinea,PNG,2013,0.01,0.0,0.0,0.0,0.01
2945,Papua New Guinea,PNG,2014,0.01,0.0,0.0,0.0,0.01
2946,Papua New Guinea,PNG,2015,0.02,0.0,0.0,0.0,0.02
2947,Papua New Guinea,PNG,2016,0.01,0.0,0.0,0.0,0.01
2948,Papua New Guinea,PNG,2017,0.02,0.0,0.0,0.0,0.02
2949,Papua New Guinea,PNG,2018,0.03,0.0,0.0,0.0,0.03
2950,Papua New Guinea,PNG,2019,0.04,0.0,0.0,0.0,0.04
2971,Paraguay,PRY,2000,1.04,1.03,0.0,0.01,0.0
2972,Paraguay,PRY,2001,1.23,1.22,0.0,0.01,0.0
2973,Paraguay,PRY,2002,0.88,0.88,0.0,0.01,0.0
2974,Paraguay,PRY,2003,1.24,1.23,0.0,0.01,0.0
2975,Paraguay,PRY,2004,1.46,1.45,0.0,0.01,0.0
2976,Paraguay,PRY,2005,1.08,1.04,0.0,0.04,0.01
2977,Paraguay,PRY,2006,1.18,1.1,0.0,0.05,0.04
2978,Paraguay,PRY,2007,1.19,1.11,0.0,0.04,0.04
2979,Paraguay,PRY,2008,1.03,0.96,0.0,0.05,0.03
2980,Paraguay,PRY,2009,1.07,0.98,0.0,0.05,0.04
2981,Paraguay,PRY,2010,0.97,0.87,0.0,0.05,0.04
2982,Paraguay,PRY,2011,1.0,0.94,0.0,0.01,0.05
2983,Paraguay,PRY,2012,1.05,0.99,0.0,0.02,0.04
2984,Paraguay,PRY,2013,0.92,0.86,0.0,0.01,0.05
2985,Paraguay,PRY,2014,1.06,0.99,0.0,0.02,0.05
2986,Paraguay,PRY,2015,1.02,0.94,0.0,0.02,0.05
2987,Paraguay,PRY,2016,0.97,0.9,0.0,0.02,0.05
2988,Paraguay,PRY,2017,1.0,0.93,0.0,0.02,0.05
2989,Paraguay,PRY,2018,1.07,1.0,0.0,0.02,0.05
2990,Paraguay,PRY,2019,0.94,0.88,0.0,0.01,0.05
3011,Peru,PER,2000,1.18,1.17,0.0,0.0,0.01
3012,Peru,PER,2001,1.2,1.19,0.0,0.0,0.01
3013,Peru,PER,2002,1.52,1.51,0.0,0.0,0.02
3014,Peru,PER,2003,1.59,1.56,0.0,0.0,0.02
3015,Peru,PER,2004,1.46,1.43,0.0,0.0,0.03
3016,Peru,PER,2005,1.1,1.08,0.0,0.0,0.02
3017,Peru,PER,2006,0.94,0.92,0.0,0.0,0.02
3018,Peru,PER,2007,0.83,0.81,0.0,0.0,0.02
3019,Peru,PER,2008,0.5,0.48,0.0,0.0,0.03
3020,Peru,PER,2009,0.7,0.66,0.0,0.0,0.04
3021,Peru,PER,2010,0.67,0.63,0.0,0.0,0.04
3022,Peru,PER,2011,0.57,0.53,0.0,0.0,0.04
3023,Peru,PER,2012,0.53,0.49,0.0,0.0,0.04
3024,Peru,PER,2013,0.56,0.52,0.0,0.0,0.04
3025,Peru,PER,2014,0.47,0.43,0.0,0.0,0.05
3026,Peru,PER,2015,0.47,0.42,0.0,0.0,0.05
3027,Peru,PER,2016,0.47,0.42,0.0,0.0,0.05
3028,Peru,PER,2017,0.47,0.43,0.0,0.0,0.04
3029,Peru,PER,2018,0.45,0.41,0.0,0.0,0.04
3030,Peru,PER,2019,0.52,0.48,0.0,0.0,0.04
3046,Philippines,PHL,2005,0.69620279343614,0.471222651620136,0.0,0.0105728530252075,0.214407288790796
3047,Philippines,PHL,2006,0.479539915764802,0.264102308303018,0.0,0.0135259873026404,0.201911620159144
3048,Philippines,PHL,2007,0.500612490024944,0.245715566342153,0.0,0.0360490331683968,0.218847890514394
3049,Philippines,PHL,2008,0.460771692768416,0.224249298983741,0.0,0.0216453037712484,0.214877090013427
3050,Philippines,PHL,2009,0.453757559998797,0.219939004905338,0.0,0.0187246657124623,0.215093889380998
3051,Philippines,PHL,2010,0.459901430042566,0.204547931024805,0.0,0.0318697796940481,0.223483719323714
3052,Philippines,PHL,2011,0.488663303552537,0.188587679585174,0.0,0.0925610473723028,0.207514576595061
3053,Philippines,PHL,2012,0.47018817825806,0.186012017170436,0.0,0.0518430749081265,0.232333086179497
3054,Philippines,PHL,2013,0.454264118569021,0.18971489617648,0.0,0.0496601666569438,0.214889055735597
3055,Philippines,PHL,2014,0.471651397991855,0.177062977331194,0.0,0.0686558684948422,0.225932552165819
3056,Philippines,PHL,2015,0.445020361935038,0.181070023194208,0.0,0.0364011884039762,0.227549150336854
3057,Philippines,PHL,2016,0.523760616705759,0.161550078390178,0.0,0.0286179203866252,0.333592617928955
3058,Philippines,PHL,2017,0.595100263563144,0.179024191994987,0.0,0.0298932411772767,0.38618283039088
3059,Philippines,PHL,2018,0.896940975144634,0.453677262467006,0.0,0.0840825827686664,0.359181129908962
3060,Philippines,PHL,2019,1.04627275136142,0.653189827893155,0.0,0.0938216020510749,0.29926132141719
3081,"Poland, Rep. of",POL,2000,2.13,1.75,0.16,0.03,0.18
3082,"Poland, Rep. of",POL,2001,2.16,1.76,0.14,0.04,0.22
3083,"Poland, Rep. of",POL,2002,2.4,2.0,0.13,0.04,0.24
3084,"Poland, Rep. of",POL,2003,2.47,2.11,0.11,0.04,0.22
3085,"Poland, Rep. of",POL,2004,2.69,2.21,0.12,0.03,0.34
3086,"Poland, Rep. of",POL,2005,2.66,2.26,0.09,0.03,0.28
3087,"Poland, Rep. of",POL,2006,2.59,2.23,0.1,0.03,0.23
3088,"Poland, Rep. of",POL,2007,2.67,2.31,0.1,0.03,0.24
3089,"Poland, Rep. of",POL,2008,2.56,2.18,0.1,0.03,0.25
3090,"Poland, Rep. of",POL,2009,2.42,2.06,0.11,0.03,0.22
3091,"Poland, Rep. of",POL,2010,2.47,2.12,0.11,0.02,0.21
3092,"Poland, Rep. of",POL,2011,2.42,2.11,0.1,0.02,0.19
3093,"Poland, Rep. of",POL,2012,2.52,2.13,0.09,0.11,0.19
3094,"Poland, Rep. of",POL,2013,2.4,2.02,0.05,0.14,0.2
3095,"Poland, Rep. of",POL,2014,2.49,2.17,0.01,0.11,0.2
3096,"Poland, Rep. of",POL,2015,2.52,2.19,0.01,0.11,0.21
3097,"Poland, Rep. of",POL,2016,2.59,2.26,0.01,0.09,0.23
3098,"Poland, Rep. of",POL,2017,2.51,2.19,0.01,0.08,0.23
3099,"Poland, Rep. of",POL,2018,2.59,2.27,0.01,0.08,0.23
3100,"Poland, Rep. of",POL,2019,2.54,2.23,0.01,0.07,0.22
3121,Portugal,PRT,2000,2.6,1.54,0.0,0.0,1.06
3122,Portugal,PRT,2001,2.83,1.78,0.0,0.0,1.05
3123,Portugal,PRT,2002,2.99,2.04,0.0,0.0,0.96
3124,Portugal,PRT,2003,2.95,2.11,0.0,0.0,0.83
3125,Portugal,PRT,2004,2.95,2.06,0.0,0.0,0.88
3126,Portugal,PRT,2005,2.89,1.99,0.0,0.01,0.89
3127,Portugal,PRT,2006,2.79,1.94,0.0,0.01,0.85
3128,Portugal,PRT,2007,2.75,1.92,0.0,0.0,0.82
3129,Portugal,PRT,2008,2.51,1.83,0.01,0.01,0.67
3130,Portugal,PRT,2009,2.44,1.84,0.01,0.01,0.59
3131,Portugal,PRT,2010,2.44,1.77,0.01,0.01,0.64
3132,Portugal,PRT,2011,2.33,1.73,0.02,0.01,0.57
3133,Portugal,PRT,2012,2.2,1.68,0.02,0.02,0.48
3134,Portugal,PRT,2013,2.21,1.66,0.02,0.02,0.52
3135,Portugal,PRT,2014,2.28,1.66,0.02,0.02,0.59
3136,Portugal,PRT,2015,2.43,1.77,0.02,0.01,0.63
3137,Portugal,PRT,2016,2.6,1.89,0.02,0.01,0.67
3138,Portugal,PRT,2017,2.59,1.86,0.02,0.01,0.7
3139,Portugal,PRT,2018,2.59,1.85,0.02,0.01,0.7
3140,Portugal,PRT,2019,2.55,1.83,0.03,0.01,0.68
3161,Romania,ROU,2000,2.88,2.72,0.0,0.11,0.06
3162,Romania,ROU,2001,1.75,1.51,0.0,0.17,0.07
3163,Romania,ROU,2002,1.72,1.51,0.0,0.14,0.07
3164,Romania,ROU,2003,2.4,2.23,0.0,0.1,0.07
3165,Romania,ROU,2004,2.38,2.31,0.0,0.0,0.06
3166,Romania,ROU,2005,2.01,1.94,0.0,0.0,0.06
3167,Romania,ROU,2006,1.94,1.79,0.01,0.0,0.15
3168,Romania,ROU,2007,2.01,1.66,0.0,0.0,0.34
3169,Romania,ROU,2008,1.7,1.35,0.0,0.0,0.34
3170,Romania,ROU,2009,1.79,1.52,0.0,0.0,0.27
3171,Romania,ROU,2010,2.11,1.79,0.0,0.01,0.32
3172,Romania,ROU,2011,1.95,1.71,0.0,0.0,0.24
3173,Romania,ROU,2012,1.98,1.71,0.0,0.0,0.27
3174,Romania,ROU,2013,2.01,1.73,0.0,0.0,0.28
3175,Romania,ROU,2014,2.32,2.05,0.0,0.0,0.26
3176,Romania,ROU,2015,2.43,2.17,0.0,0.0,0.25
3177,Romania,ROU,2016,2.33,2.09,0.0,0.0,0.24
3178,Romania,ROU,2017,1.96,1.81,0.0,0.0,0.14
3179,Romania,ROU,2018,2.07,1.93,0.0,0.0,0.14
3180,Romania,ROU,2019,2.23,2.09,0.0,0.0,0.14
3201,Rwanda,RWA,2000,1.37,0.98,0.0,0.0,0.39
3202,Rwanda,RWA,2001,1.0,0.63,0.0,0.0,0.38
3203,Rwanda,RWA,2002,1.05,0.63,0.0,0.0,0.42
3204,Rwanda,RWA,2003,0.93,0.57,0.0,0.0,0.36
3205,Rwanda,RWA,2004,0.87,0.53,0.0,0.0,0.34
3206,Rwanda,RWA,2005,0.67,0.4,0.0,0.0,0.27
3207,Rwanda,RWA,2006,0.68,0.31,0.0,0.0,0.37
3208,Rwanda,RWA,2007,0.56,0.23,0.0,0.0,0.33
3209,Rwanda,RWA,2008,0.53,0.23,0.0,0.0,0.3
3210,Rwanda,RWA,2009,0.86,0.52,0.0,0.0,0.34
3211,Rwanda,RWA,2010,1.36,0.87,0.0,0.0,0.49
3212,Rwanda,RWA,2011,1.45,0.98,0.0,0.0,0.47
3213,Rwanda,RWA,2012,1.22,0.71,0.0,0.0,0.51
3214,Rwanda,RWA,2013,1.22,0.71,0.0,0.0,0.51
3215,Rwanda,RWA,2014,1.14,0.66,0.0,0.0,0.47
3216,Rwanda,RWA,2015,1.37,0.83,0.0,0.0,0.54
3217,Rwanda,RWA,2016,1.54,0.87,0.0,0.0,0.67
3218,Rwanda,RWA,2017,1.41,0.79,0.0,0.0,0.63
3219,Rwanda,RWA,2018,1.41,0.8,0.0,0.0,0.62
3220,Rwanda,RWA,2019,1.37,0.76,0.0,0.0,0.61
3246,Samoa,WSM,2005,0.23,0.23,0.0,0.0,0.0
3247,Samoa,WSM,2006,0.15,0.15,0.0,0.0,0.0
3248,Samoa,WSM,2007,0.17,0.17,0.0,0.0,0.0
3249,Samoa,WSM,2008,0.16,0.16,0.0,0.0,0.0
3266,"San Marino, Rep. of",SMR,2015,3.43109376958818,2.59860758363762,0.335886679908881,0.0,0.496599506041685
3267,"San Marino, Rep. of",SMR,2016,3.56297465985272,2.72748785900752,0.364710380085635,0.0,0.470776420759568
3268,"San Marino, Rep. of",SMR,2017,3.64536247157368,2.80051515114004,0.378156380218593,0.0,0.466690940215051
3269,"San Marino, Rep. of",SMR,2018,3.69919920470899,2.79237746030076,0.461222765919225,0.0,0.445598978489014
3270,"San Marino, Rep. of",SMR,2019,3.59545006866141,2.74869175913155,0.422097761822086,0.0,0.42466054770778
3276,Senegal,SEN,2015,2.06596321943351,1.80297548593778,0.0,0.168797778829821,0.0941899546659181
3277,Senegal,SEN,2016,2.55142052952852,2.28706651028644,0.0,0.172085360143347,0.0922686590987323
3278,Senegal,SEN,2017,1.70607596797879,1.42799998066733,0.0,0.185528680950698,0.0925473063607692
3279,Senegal,SEN,2018,1.57774975308584,1.29880939177218,0.0010207998386304,0.190757192519679,0.0871623689553578
3280,Senegal,SEN,2019,1.57923954251502,1.28814558341112,0.0005928173458374,0.194915293623476,0.0955858481345896
3299,"Serbia, Rep. of",SRB,2005,2.84,2.38,0.06,0.07,0.33
3300,"Serbia, Rep. of",SRB,2006,2.91,2.39,0.16,0.06,0.3
3301,"Serbia, Rep. of",SRB,2007,2.7,2.17,0.16,0.06,0.31
3302,"Serbia, Rep. of",SRB,2008,2.53,2.03,0.14,0.05,0.31
3303,"Serbia, Rep. of",SRB,2009,3.07,2.48,0.19,0.09,0.32
3304,"Serbia, Rep. of",SRB,2010,3.14,2.5,0.26,0.07,0.31
3305,"Serbia, Rep. of",SRB,2011,3.12,2.5,0.2,0.12,0.3
3306,"Serbia, Rep. of",SRB,2012,2.97,2.41,0.13,0.13,0.3
3307,"Serbia, Rep. of",SRB,2013,3.19,2.66,0.13,0.15,0.26
3308,"Serbia, Rep. of",SRB,2014,3.73,3.09,0.18,0.19,0.27
3309,"Serbia, Rep. of",SRB,2015,3.95,3.36,0.14,0.17,0.27
3310,"Serbia, Rep. of",SRB,2016,4.21,3.57,0.17,0.2,0.28
3339,Seychelles,SYC,2008,4.62,2.68,0.0,0.0,1.95
3340,Seychelles,SYC,2009,3.93,2.75,0.0,0.0,1.17
3341,Seychelles,SYC,2010,5.01,3.36,0.0,0.0,1.66
3342,Seychelles,SYC,2011,5.14,3.4,0.0,0.0,1.75
3343,Seychelles,SYC,2012,4.72,3.1,0.0,0.0,1.62
3344,Seychelles,SYC,2013,4.04,2.76,0.0,0.0,1.28
3345,Seychelles,SYC,2014,4.13,2.67,0.0,0.0,1.46
3346,Seychelles,SYC,2015,4.16,2.61,0.0,0.0,1.54
3347,Seychelles,SYC,2016,4.41,2.68,0.0,0.0,1.73
3348,Seychelles,SYC,2017,4.78,3.05,0.0,0.0,1.73
3349,Seychelles,SYC,2018,4.24,2.68,0.0,0.0,1.57
3350,Seychelles,SYC,2019,4.38,2.66,0.0,0.0,1.72
3372,Sierra Leone,SLE,2001,1.26,0.97,0.0,0.0,0.29
3373,Sierra Leone,SLE,2002,1.34,1.08,0.0,0.0,0.26
3374,Sierra Leone,SLE,2003,1.43,1.13,0.0,0.0,0.3
3375,Sierra Leone,SLE,2004,1.48,1.05,0.0,0.0,0.43
3376,Sierra Leone,SLE,2005,1.39,0.89,0.0,0.0,0.5
3377,Sierra Leone,SLE,2006,1.76,1.05,0.0,0.0,0.71
3378,Sierra Leone,SLE,2007,1.18,0.64,0.0,0.0,0.53
3379,Sierra Leone,SLE,2008,1.36,0.74,0.0,0.0,0.62
3380,Sierra Leone,SLE,2009,1.58,0.99,0.0,0.0,0.59
3381,Sierra Leone,SLE,2010,1.76,1.2,0.0,0.0,0.56
3382,Sierra Leone,SLE,2011,0.45,0.28,0.0,0.0,0.18
3383,Sierra Leone,SLE,2012,0.68,0.46,0.0,0.0,0.21
3384,Sierra Leone,SLE,2013,1.33,0.94,0.0,0.0,0.39
3385,Sierra Leone,SLE,2014,1.35,0.96,0.0,0.0,0.39
3386,Sierra Leone,SLE,2015,1.34,0.9,0.0,0.0,0.44
3387,Sierra Leone,SLE,2016,1.08,0.71,0.0,0.0,0.37
3388,Sierra Leone,SLE,2017,2.0,1.48,0.0,0.0,0.51
3389,Sierra Leone,SLE,2018,1.24,1.07,0.0,0.0,0.17
3390,Sierra Leone,SLE,2019,1.83,1.55,0.0,0.0,0.29
3395,Singapore,SGP,2015,0.23261630047508,0.138388986881621,0.0,0.0,0.094227313593459
3396,Singapore,SGP,2016,0.249481173995422,0.13554024494804,0.0,0.0,0.113940929047382
3397,Singapore,SGP,2017,0.272322181041406,0.174628787253913,0.0,0.0,0.0976933937874934
3398,Singapore,SGP,2018,0.249912754796322,0.154247946344298,0.0,0.0,0.0956648084520242
3419,Slovak Rep.,SVK,2000,2.33,1.95,0.13,0.0,0.25
3420,Slovak Rep.,SVK,2001,2.08,1.7,0.15,0.0,0.24
3421,Slovak Rep.,SVK,2002,2.36,1.86,0.27,0.01,0.22
3422,Slovak Rep.,SVK,2003,2.59,2.11,0.28,0.0,0.2
3423,Slovak Rep.,SVK,2004,2.64,2.19,0.26,0.0,0.18
3424,Slovak Rep.,SVK,2005,2.51,2.08,0.24,0.0,0.19
3425,Slovak Rep.,SVK,2006,2.4,1.94,0.26,0.01,0.19
3426,Slovak Rep.,SVK,2007,2.27,1.78,0.24,0.05,0.2
3427,Slovak Rep.,SVK,2008,2.21,1.75,0.22,0.04,0.2
3428,Slovak Rep.,SVK,2009,2.15,1.67,0.24,0.05,0.2
3429,Slovak Rep.,SVK,2010,2.03,1.57,0.22,0.06,0.19
3430,Slovak Rep.,SVK,2011,1.99,1.55,0.22,0.04,0.19
3431,Slovak Rep.,SVK,2012,1.92,1.48,0.22,0.04,0.18
3432,Slovak Rep.,SVK,2013,1.95,1.48,0.23,0.05,0.2
3433,Slovak Rep.,SVK,2014,2.01,1.54,0.23,0.05,0.2
3434,Slovak Rep.,SVK,2015,1.97,1.53,0.22,0.04,0.18
3435,Slovak Rep.,SVK,2016,2.03,1.6,0.21,0.04,0.18
3436,Slovak Rep.,SVK,2017,1.98,1.57,0.2,0.04,0.18
3437,Slovak Rep.,SVK,2018,1.94,1.55,0.19,0.03,0.17
3438,Slovak Rep.,SVK,2019,2.05,1.65,0.2,0.03,0.16
3459,"Slovenia, Rep. of",SVN,2000,2.98,2.4,0.19,0.02,0.37
3460,"Slovenia, Rep. of",SVN,2001,3.25,2.68,0.17,0.02,0.37
3461,"Slovenia, Rep. of",SVN,2002,3.26,2.64,0.21,0.06,0.35
3462,"Slovenia, Rep. of",SVN,2003,3.31,2.53,0.32,0.06,0.41
3463,"Slovenia, Rep. of",SVN,2004,3.33,2.52,0.28,0.05,0.47
3464,"Slovenia, Rep. of",SVN,2005,3.2,2.4,0.28,0.09,0.44
3465,"Slovenia, Rep. of",SVN,2006,3.01,2.28,0.22,0.08,0.43
3466,"Slovenia, Rep. of",SVN,2007,2.98,2.27,0.17,0.09,0.45
3467,"Slovenia, Rep. of",SVN,2008,2.94,2.3,0.16,0.08,0.4
3468,"Slovenia, Rep. of",SVN,2009,3.6,3.02,0.16,0.08,0.34
3469,"Slovenia, Rep. of",SVN,2010,3.71,3.11,0.16,0.09,0.35
3470,"Slovenia, Rep. of",SVN,2011,3.69,3.1,0.15,0.1,0.34
3471,"Slovenia, Rep. of",SVN,2012,4.09,3.43,0.22,0.1,0.34
3472,"Slovenia, Rep. of",SVN,2013,4.5,3.65,0.35,0.11,0.38
3473,"Slovenia, Rep. of",SVN,2014,4.44,3.61,0.34,0.11,0.39
3474,"Slovenia, Rep. of",SVN,2015,4.6,3.74,0.37,0.12,0.38
3475,"Slovenia, Rep. of",SVN,2016,4.64,3.79,0.37,0.11,0.37
3476,"Slovenia, Rep. of",SVN,2017,4.43,3.61,0.35,0.1,0.37
3477,"Slovenia, Rep. of",SVN,2018,4.11,3.32,0.33,0.09,0.37
3478,"Slovenia, Rep. of",SVN,2019,3.99,3.2,0.31,0.09,0.39
3506,Solomon Islands,SLB,2007,3.41,0.0,0.0,3.41,0.0
3507,Solomon Islands,SLB,2008,3.24,0.0,0.0,3.24,0.0
3508,Solomon Islands,SLB,2009,2.58,0.0,0.0,2.58,0.0
3509,Solomon Islands,SLB,2010,3.38,0.0,0.0,3.38,0.0
3510,Solomon Islands,SLB,2011,4.65,0.0,0.0,4.65,0.0
3511,Solomon Islands,SLB,2012,4.85,0.0,0.0,4.85,0.0
3512,Solomon Islands,SLB,2013,4.5,0.0,0.0,4.5,0.0
3513,Solomon Islands,SLB,2014,5.02,0.0,0.0,5.02,0.0
3514,Solomon Islands,SLB,2015,4.56,0.0,0.0,4.56,0.0
3515,Solomon Islands,SLB,2016,5.31,0.0,0.0,5.31,0.0
3516,Solomon Islands,SLB,2017,5.44,0.0,0.0,5.44,0.0
3517,Solomon Islands,SLB,2018,6.17,0.0,0.0,6.17,0.0
3518,Solomon Islands,SLB,2019,4.7,0.0,0.0,4.7,0.0
3539,South Africa,ZAF,2000,1.96,1.74,0.0,0.0,0.22
3540,South Africa,ZAF,2001,1.83,1.59,0.0,0.0,0.24
3541,South Africa,ZAF,2002,1.68,1.43,0.0,0.0,0.25
3542,South Africa,ZAF,2003,1.83,1.37,0.0,0.0,0.46
3543,South Africa,ZAF,2004,1.81,1.37,0.0,0.0,0.45
3544,South Africa,ZAF,2005,1.91,1.45,0.0,0.0,0.45
3545,South Africa,ZAF,2006,1.86,1.39,0.0,0.0,0.46
3546,South Africa,ZAF,2007,1.94,1.49,0.0,0.0,0.44
3547,South Africa,ZAF,2008,1.65,1.39,0.0,0.0,0.26
3548,South Africa,ZAF,2009,1.81,1.57,0.0,0.0,0.23
3549,South Africa,ZAF,2010,2.09,1.82,0.01,0.0,0.26
3550,South Africa,ZAF,2011,2.24,1.91,0.0,0.0,0.32
3551,South Africa,ZAF,2012,2.29,1.95,0.01,0.0,0.33
3552,South Africa,ZAF,2013,2.32,1.97,0.01,0.0,0.34
3553,South Africa,ZAF,2014,2.33,2.01,0.01,0.0,0.32
3554,South Africa,ZAF,2015,2.75,2.42,0.01,0.0,0.32
3555,South Africa,ZAF,2016,2.67,2.36,0.01,0.0,0.31
3556,South Africa,ZAF,2017,2.78,2.42,0.02,0.0,0.34
3557,South Africa,ZAF,2018,2.82,2.45,0.02,0.0,0.35
3558,South Africa,ZAF,2019,2.94,2.55,0.02,0.0,0.38
3563,Spain,ESP,2015,1.93710944891531,1.61765619260694,0.0781009412925799,0.0027826938702819,0.238569621145505
3564,Spain,ESP,2016,1.86392921878645,1.54026309649863,0.0798621704563809,0.0026919832738105,0.241111968557635
3565,Spain,ESP,2017,1.84095890552365,1.52508576403106,0.0787962411784339,0.0023225966286219,0.234754303685531
3566,Spain,ESP,2018,1.83376956935987,1.51869944902185,0.0780822338828717,0.0022427875689761,0.234745098886165
3597,St. Lucia,LCA,2000,0.41,0.12,0.0,0.0,0.3
3598,St. Lucia,LCA,2001,0.38,0.12,0.0,0.0,0.26
3599,St. Lucia,LCA,2002,0.22,0.11,0.0,0.0,0.1
3600,St. Lucia,LCA,2003,0.31,0.12,0.0,0.0,0.19
3601,St. Lucia,LCA,2004,0.33,0.11,0.0,0.0,0.22
3602,St. Lucia,LCA,2005,0.34,0.09,0.0,0.0,0.25
3603,St. Lucia,LCA,2006,0.4,0.1,0.0,0.0,0.3
3604,St. Lucia,LCA,2007,0.44,0.1,0.0,0.0,0.34
3605,St. Lucia,LCA,2008,0.66,0.09,0.0,0.0,0.57
3606,St. Lucia,LCA,2009,0.57,0.11,0.0,0.0,0.46
3607,St. Lucia,LCA,2010,0.53,0.1,0.0,0.0,0.43
3608,St. Lucia,LCA,2011,0.49,0.09,0.0,0.0,0.4
3609,St. Lucia,LCA,2012,0.45,0.09,0.0,0.0,0.36
3610,St. Lucia,LCA,2013,0.48,0.09,0.0,0.0,0.4
3611,St. Lucia,LCA,2014,0.5,0.16,0.0,0.0,0.34
3612,St. Lucia,LCA,2015,0.61,0.3,0.0,0.0,0.31
3613,St. Lucia,LCA,2016,0.78,0.43,0.0,0.0,0.36
3614,St. Lucia,LCA,2017,0.96,0.38,0.0,0.0,0.57
3615,St. Lucia,LCA,2018,1.02,0.37,0.0,0.0,0.65
3616,St. Lucia,LCA,2019,1.18,0.37,0.0,0.0,0.82
3637,Sweden,SWE,2000,2.59,2.16,0.11,0.01,0.32
3638,Sweden,SWE,2001,2.64,2.24,0.1,0.01,0.31
3639,Sweden,SWE,2002,2.71,2.29,0.1,0.01,0.31
3640,Sweden,SWE,2003,2.72,2.32,0.09,0.01,0.31
3641,Sweden,SWE,2004,2.66,2.26,0.08,0.01,0.31
3642,Sweden,SWE,2005,2.7,2.25,0.07,0.01,0.37
3643,Sweden,SWE,2006,2.59,2.14,0.07,0.01,0.38
3644,Sweden,SWE,2007,2.5,2.04,0.06,0.01,0.4
3645,Sweden,SWE,2008,2.55,2.03,0.04,0.01,0.47
3646,Sweden,SWE,2009,2.65,2.11,0.04,0.01,0.49
3647,Sweden,SWE,2010,2.55,2.06,0.03,0.01,0.46
3648,Sweden,SWE,2011,2.36,1.9,0.03,0.01,0.42
3649,Sweden,SWE,2012,2.38,1.93,0.03,0.01,0.42
3650,Sweden,SWE,2013,2.32,1.86,0.02,0.01,0.43
3651,Sweden,SWE,2014,2.18,1.73,0.02,0.0,0.42
3652,Sweden,SWE,2015,2.18,1.71,0.03,0.0,0.44
3653,Sweden,SWE,2016,2.23,1.75,0.02,0.0,0.45
3654,Sweden,SWE,2017,2.14,1.67,0.04,0.0,0.43
3655,Sweden,SWE,2018,2.09,1.6,0.05,0.0,0.44
3656,Sweden,SWE,2019,2.09,1.59,0.05,0.0,0.44
3669,Switzerland,CHE,2008,1.32972467977369,0.909898711388233,0.033146986868174,0.0,0.386678981517278
3670,Switzerland,CHE,2009,1.38452909593801,0.961798311749987,0.031228189489589,0.0,0.391502594698428
3671,Switzerland,CHE,2010,1.40538062930937,0.980880853039935,0.0308158734466294,0.0,0.393683902822806
3672,Switzerland,CHE,2011,1.35974421741259,0.929913762015511,0.0305071511369467,0.0,0.399323304260134
3673,Switzerland,CHE,2012,1.36216228110442,0.929234437008908,0.0301171266417972,0.0,0.402810717453715
3674,Switzerland,CHE,2013,1.33294609093889,0.922897935817449,0.0308822542035098,0.0,0.379165900917928
3675,Switzerland,CHE,2014,1.33453850438436,0.927875919974627,0.0290891943801646,0.0,0.37757339002957
3676,Switzerland,CHE,2015,1.36762093225556,0.944265613806408,0.0299848943618896,0.0,0.393370424087261
3677,Switzerland,CHE,2016,1.40019916613974,0.979732914234223,0.0380630531683759,0.0,0.382403198737137
3678,Switzerland,CHE,2017,1.40742595940913,0.978918125557065,0.0380092751754053,0.0,0.390498558676663
3679,Switzerland,CHE,2018,1.42300046615245,0.999918377574217,0.0383681284832369,0.0,0.384713960095001
3680,Switzerland,CHE,2019,1.42254887643313,0.990640821416029,0.0378024056704688,0.0,0.394105649346639
3716,Thailand,THA,2015,1.92650573217264,1.02277370796916,0.0,0.0,0.903732024203477
3717,Thailand,THA,2016,2.35092040711602,1.33969763686747,0.0,0.0,1.01122277024856
3718,Thailand,THA,2017,2.51694878267099,1.54030973878703,0.0,0.0,0.976639043883966
3719,Thailand,THA,2018,2.58980276660667,1.5108179191018,0.0,0.0,1.07898484750487
3720,Thailand,THA,2019,2.51050116482902,1.36789993400506,0.0,0.0,1.14260123082396
3749,Togo,TGO,2008,1.68,1.67,0.01,0.0,0.0
3750,Togo,TGO,2009,0.8,0.79,0.01,0.0,0.0
3751,Togo,TGO,2010,0.92,0.91,0.01,0.0,0.0
3752,Togo,TGO,2011,2.49,2.48,0.01,0.0,0.0
3753,Togo,TGO,2012,2.88,2.87,0.01,0.0,0.0
3754,Togo,TGO,2013,3.11,3.07,0.01,0.03,0.0
3755,Togo,TGO,2014,1.66,1.61,0.01,0.03,0.01
3756,Togo,TGO,2015,1.36,1.32,0.01,0.02,0.01
3757,Togo,TGO,2016,1.06,1.03,0.01,0.01,0.01
3758,Togo,TGO,2017,1.07,1.04,0.01,0.02,0.01
3759,Togo,TGO,2018,1.19,1.16,0.01,0.01,0.01
3760,Togo,TGO,2019,0.71,0.69,0.01,0.0,0.02
3781,Trinidad and Tobago,TTO,2000,0.47,0.0,0.0,0.0,0.47
3782,Trinidad and Tobago,TTO,2001,0.39,0.0,0.0,0.0,0.39
3783,Trinidad and Tobago,TTO,2002,0.38,0.0,0.0,0.0,0.38
3784,Trinidad and Tobago,TTO,2003,0.3,0.0,0.0,0.0,0.3
3785,Trinidad and Tobago,TTO,2004,0.24,0.0,0.0,0.0,0.24
3786,Trinidad and Tobago,TTO,2005,0.22,0.0,0.0,0.0,0.22
3787,Trinidad and Tobago,TTO,2006,0.22,0.0,0.0,0.0,0.22
3788,Trinidad and Tobago,TTO,2007,0.25,0.0,0.0,0.0,0.25
3789,Trinidad and Tobago,TTO,2008,0.27,0.06,0.0,0.0,0.21
3790,Trinidad and Tobago,TTO,2009,0.35,0.08,0.0,0.0,0.27
3791,Trinidad and Tobago,TTO,2010,0.34,0.07,0.0,0.0,0.27
3792,Trinidad and Tobago,TTO,2011,0.33,0.06,0.0,0.0,0.26
3793,Trinidad and Tobago,TTO,2012,0.36,0.06,0.0,0.0,0.3
3794,Trinidad and Tobago,TTO,2013,0.36,0.06,0.0,0.0,0.3
3795,Trinidad and Tobago,TTO,2014,0.35,0.05,0.0,0.0,0.3
3796,Trinidad and Tobago,TTO,2015,0.39,0.05,0.0,0.0,0.34
3797,Trinidad and Tobago,TTO,2016,0.45,0.08,0.0,0.0,0.36
3798,Trinidad and Tobago,TTO,2017,0.32,0.06,0.0,0.0,0.26
3799,Trinidad and Tobago,TTO,2018,0.26,0.06,0.0,0.0,0.2
3800,Trinidad and Tobago,TTO,2019,0.2,0.01,0.0,0.0,0.18
3821,Tunisia,TUN,2000,1.76,0.88,0.04,0.0,0.84
3822,Tunisia,TUN,2001,1.79,0.85,0.04,0.0,0.9
3823,Tunisia,TUN,2002,1.74,0.83,0.05,0.0,0.86
3824,Tunisia,TUN,2003,1.55,0.76,0.05,0.0,0.75
3825,Tunisia,TUN,2004,1.49,0.71,0.03,0.0,0.76
3826,Tunisia,TUN,2005,1.45,0.64,0.03,0.0,0.78
3827,Tunisia,TUN,2006,1.39,0.57,0.03,0.0,0.78
3828,Tunisia,TUN,2007,1.37,0.54,0.03,0.0,0.8
3829,Tunisia,TUN,2008,1.3,0.47,0.03,0.0,0.8
3830,Tunisia,TUN,2009,1.29,0.44,0.03,0.0,0.83
3831,Tunisia,TUN,2010,1.31,0.41,0.03,0.0,0.88
3832,Tunisia,TUN,2011,1.11,0.39,0.03,0.0,0.7
3833,Tunisia,TUN,2012,1.18,0.36,0.02,0.0,0.8
3834,Tunisia,TUN,2013,1.18,0.33,0.05,0.0,0.8
3835,Tunisia,TUN,2014,1.19,0.33,0.07,0.0,0.79
3836,Tunisia,TUN,2015,1.27,0.34,0.09,0.0,0.85
3837,Tunisia,TUN,2016,1.51,0.68,0.05,0.0,0.79
3838,Tunisia,TUN,2017,1.57,0.69,0.01,0.0,0.87
3839,Tunisia,TUN,2018,1.51,0.67,0.02,0.0,0.83
3840,Tunisia,TUN,2019,1.37,0.62,0.01,0.0,0.74
3861,"Türkiye, Rep. of",TUR,2000,2.41,1.91,0.0,0.0,0.5
3862,"Türkiye, Rep. of",TUR,2001,2.65,2.29,0.0,0.0,0.36
3863,"Türkiye, Rep. of",TUR,2002,3.45,3.07,0.0,0.0,0.38
3864,"Türkiye, Rep. of",TUR,2003,4.0,3.2,0.0,0.0,0.81
3865,"Türkiye, Rep. of",TUR,2004,3.5,2.7,0.0,0.0,0.8
3866,"Türkiye, Rep. of",TUR,2005,3.93,2.85,0.0,0.0,1.08
3867,"Türkiye, Rep. of",TUR,2006,3.1,2.58,0.0,0.0,0.52
3868,"Türkiye, Rep. of",TUR,2007,2.97,2.48,0.0,0.0,0.48
3869,"Türkiye, Rep. of",TUR,2008,3.22,2.39,0.0,0.0,0.84
3870,"Türkiye, Rep. of",TUR,2009,3.34,2.54,0.0,0.0,0.81
3871,"Türkiye, Rep. of",TUR,2010,3.71,2.72,0.0,0.0,0.99
3872,"Türkiye, Rep. of",TUR,2011,3.46,2.39,0.0,0.0,1.07
3873,"Türkiye, Rep. of",TUR,2012,3.25,2.27,0.0,0.0,0.98
3874,"Türkiye, Rep. of",TUR,2013,3.49,2.48,0.0,0.0,1.01
3875,"Türkiye, Rep. of",TUR,2014,3.25,2.22,0.0,0.0,1.03
3876,"Türkiye, Rep. of",TUR,2015,3.3,2.16,0.0,0.0,1.14
3877,"Türkiye, Rep. of",TUR,2016,3.26,2.14,0.0,0.0,1.11
3878,"Türkiye, Rep. of",TUR,2017,3.09,2.03,0.0,0.0,1.06
3879,"Türkiye, Rep. of",TUR,2018,2.3,1.48,0.0,0.0,0.82
3880,"Türkiye, Rep. of",TUR,2019,2.09,1.42,0.0,0.0,0.68
3901,Uganda,UGA,2000,2.3,2.11,0.0,0.0,0.19
3902,Uganda,UGA,2001,2.12,1.94,0.0,0.0,0.18
3903,Uganda,UGA,2002,2.26,2.05,0.0,0.0,0.21
3904,Uganda,UGA,2003,2.18,1.93,0.0,0.0,0.25
3905,Uganda,UGA,2004,2.03,1.76,0.0,0.0,0.28
3906,Uganda,UGA,2005,2.25,1.93,0.0,0.0,0.33
3907,Uganda,UGA,2006,2.6,2.2,0.06,0.0,0.35
3908,Uganda,UGA,2007,2.86,2.44,0.1,0.0,0.31
3909,Uganda,UGA,2008,2.86,2.58,0.11,0.0,0.16
3910,Uganda,UGA,2009,1.58,1.42,0.06,0.0,0.1
3911,Uganda,UGA,2010,1.64,1.46,0.06,0.0,0.12
3912,Uganda,UGA,2011,1.49,1.34,0.05,0.0,0.1
3913,Uganda,UGA,2012,1.55,1.41,0.05,0.0,0.09
3914,Uganda,UGA,2013,1.39,1.24,0.06,0.0,0.09
3915,Uganda,UGA,2014,1.56,1.39,0.06,0.0,0.11
3916,Uganda,UGA,2015,1.61,1.43,0.08,0.0,0.1
3917,Uganda,UGA,2016,1.66,1.49,0.09,0.0,0.07
3918,Uganda,UGA,2017,1.76,1.6,0.08,0.0,0.07
3919,Uganda,UGA,2018,1.82,1.65,0.09,0.0,0.08
3920,Uganda,UGA,2019,1.84,1.67,0.09,0.0,0.07
3956,Ukraine,UKR,2015,0.135327153937755,1.52,0.19,0.0,0.13
3957,Ukraine,UKR,2016,0.209084807495031,1.81,0.33,0.0,0.11
3958,Ukraine,UKR,2017,0.157511431751438,2.01,0.24,0.0,0.12
3959,Ukraine,UKR,2018,0.138232655544389,1.86,0.2,0.0,0.12
3960,Ukraine,UKR,2019,0.153187595890373,1.55,0.19,0.0,0.2
3981,United Kingdom,GBR,2000,2.67,2.1,0.04,0.0,0.52
3982,United Kingdom,GBR,2001,2.48,1.99,0.04,0.0,0.45
3983,United Kingdom,GBR,2002,2.47,1.95,0.05,0.02,0.45
3984,United Kingdom,GBR,2003,2.42,1.88,0.05,0.03,0.46
3985,United Kingdom,GBR,2004,2.4,1.87,0.05,0.03,0.45
3986,United Kingdom,GBR,2005,2.26,1.76,0.05,0.03,0.42
3987,United Kingdom,GBR,2006,2.19,1.69,0.06,0.02,0.42
3988,United Kingdom,GBR,2007,2.26,1.68,0.06,0.02,0.5
3989,United Kingdom,GBR,2008,2.24,1.66,0.06,0.02,0.49
3990,United Kingdom,GBR,2009,2.38,1.79,0.05,0.02,0.52
3991,United Kingdom,GBR,2010,2.47,1.83,0.07,0.02,0.55
3992,United Kingdom,GBR,2011,2.45,1.78,0.07,0.02,0.58
3993,United Kingdom,GBR,2012,2.43,1.76,0.06,0.02,0.59
3994,United Kingdom,GBR,2013,2.46,1.78,0.07,0.02,0.59
3995,United Kingdom,GBR,2014,2.44,1.78,0.06,0.02,0.58
3996,United Kingdom,GBR,2015,2.41,1.77,0.05,0.02,0.57
3997,United Kingdom,GBR,2016,2.39,1.76,0.05,0.02,0.55
3998,United Kingdom,GBR,2017,2.35,1.74,0.04,0.02,0.54
3999,United Kingdom,GBR,2018,2.33,1.73,0.04,0.02,0.53
4000,United Kingdom,GBR,2019,2.35,1.74,0.04,0.02,0.55
4074,Uruguay,URY,2015,1.62205322650393,0.891279969367133,0.0,0.0,0.730773257136794
4075,Uruguay,URY,2016,1.64743200614456,0.881716120078359,0.0,0.0,0.765715886066198
4076,Uruguay,URY,2017,1.72393942667721,0.929913642732705,0.0,0.0,0.794025783944508
4077,Uruguay,URY,2018,1.70681131059853,0.94145684165495,0.0,0.0,0.765354468943578
4078,Uruguay,URY,2019,1.67084505319799,0.930825930825931,0.0,0.0,0.740019122372064
4090,"Venezuela, Rep. Bolivariana de",VEN,2000,5.87,5.87,0.0,0.0,0.0
4091,"Venezuela, Rep. Bolivariana de",VEN,2001,5.49,5.49,0.0,0.0,0.0
4092,"Venezuela, Rep. Bolivariana de",VEN,2002,3.85,3.85,0.0,0.0,0.0
4093,"Venezuela, Rep. Bolivariana de",VEN,2003,2.06,2.06,0.0,0.0,0.0
4094,"Venezuela, Rep. Bolivariana de",VEN,2004,1.41,1.41,0.0,0.0,0.0
4095,"Venezuela, Rep. Bolivariana de",VEN,2005,1.55,1.55,0.0,0.0,0.0
4096,"Venezuela, Rep. Bolivariana de",VEN,2006,1.93,1.93,0.0,0.0,0.0
4097,"Venezuela, Rep. Bolivariana de",VEN,2007,1.42,1.42,0.0,0.0,0.0
4098,"Venezuela, Rep. Bolivariana de",VEN,2008,1.73,1.73,0.0,0.0,0.0
4099,"Venezuela, Rep. Bolivariana de",VEN,2009,1.07,1.07,0.0,0.0,0.0
4100,"Venezuela, Rep. Bolivariana de",VEN,2010,1.26,1.26,0.0,0.0,0.0
4124,Vietnam,VNM,2003,0.52,0.52,0.0,0.0,0.0
4125,Vietnam,VNM,2004,0.5,0.5,0.0,0.0,0.0
4126,Vietnam,VNM,2005,0.43,0.43,0.0,0.0,0.0
4127,Vietnam,VNM,2006,0.37,0.37,0.0,0.0,0.0
4128,Vietnam,VNM,2007,0.36,0.36,0.0,0.0,0.0
4129,Vietnam,VNM,2008,0.28,0.28,0.0,0.0,0.0
4130,Vietnam,VNM,2009,0.5,0.5,0.0,0.0,0.0
4131,Vietnam,VNM,2010,0.38,0.38,0.0,0.0,0.0
4132,Vietnam,VNM,2011,0.32,0.32,0.0,0.0,0.0
4133,Vietnam,VNM,2012,0.31,0.31,0.0,0.0,0.0
4134,Vietnam,VNM,2013,0.27,0.27,0.0,0.0,0.0
4135,Vietnam,VNM,2014,0.25,0.25,0.0,0.0,0.0
4136,Vietnam,VNM,2015,0.52,0.52,0.0,0.0,0.0
4137,Vietnam,VNM,2016,0.77,0.77,0.0,0.0,0.0
4138,Vietnam,VNM,2017,0.71,0.71,0.0,0.0,0.0
4139,Vietnam,VNM,2018,0.67,0.67,0.0,0.0,0.0
4140,Vietnam,VNM,2019,0.82,0.82,0.0,0.0,0.0
4146,West Bank and Gaza,PSE,2015,0.0506742957829942,0.0,0.0,0.0,0.0506742957829942
4147,West Bank and Gaza,PSE,2016,0.046514286466541,0.0,0.0,0.0,0.046514286466541
4148,West Bank and Gaza,PSE,2017,0.0474051206204457,0.0,0.0,0.0,0.0474051206204457
4149,West Bank and Gaza,PSE,2018,0.0470900333576449,0.0,0.0,0.0,0.0470900333576449
4150,West Bank and Gaza,PSE,2019,0.0450616002826118,0.0,0.0,0.0,0.0450616002826118
