,Country,Year,Electricity production from coal sources (% of total),"Electricity production from oil, gas and coal sources (% of total)",Electricity production from hydroelectric sources (% of total),Electricity production from natural gas sources (% of total),Electricity production from nuclear sources (% of total),Electricity production from oil sources (% of total),Renewable electricity output (% of total electricity output),"Electricity production from renewable sources, excluding hydroelectric (kWh)","Electricity production from renewable sources, excluding hydroelectric (% of total)",Renewable energy consumption (% of total final energy consumption),Adjusted savings: carbon dioxide damage (current US$),Adjusted savings: carbon dioxide damage (% of GNI),Adjusted savings: particulate emission damage (current US$),Adjusted savings: particulate emission damage (% of GNI),GDP (current US$),GDP (current LCU),GDP growth (annual %),"Population, total",Total greenhouse gas emissions including LULUCF (Mt CO2e),Total greenhouse gas emissions excluding LULUCF (Mt CO2e),Total greenhouse gas emissions excluding LULUCF per capita (t CO2e/capita),Carbon dioxide (CO2) emissions (total) excluding LULUCF (Mt CO2e),Carbon intensity of GDP (kg CO2e per constant 2015 US$ of GDP),Carbon dioxide (CO2) emissions (total) excluding LULUCF (% change from 1990),Total greenhouse gas emissions excluding LULUCF (% change from 1990),Total spending climate protection
170,Australia,2001,83.1517795534979,91.7501725020589,7.53800609878247,7.68847241079974,0.0,0.909920537761257,8.24987201460146,1599100000.0,0.711865915818995,8.4,6707780494.13106,1.81912199340186,107135838.322601,0.0290547909170119,379629301675.108,707402000000.0,2.02510553454593,19274701.0,610.2984,556.2184,28.8574333786034,360.4081,0.404805658185865,29.7775071539863,20.8393122771678,7630630000.0
169,Australia,2002,77.0486256069961,92.0674122739558,7.05499769286546,13.9438816989299,0.0,1.07490496802971,7.93263167146404,1997100000.0,0.87763397859858,8.7,7121381385.54507,1.85041610809792,106461231.578463,0.0276628321298161,395788696012.059,756446000000.0,3.97958568067362,19495210.0,619.2259,564.8485,28.9737068746631,368.6209,0.398184090544874,32.7348122499435,22.7142149213147,9515331000.0
168,Australia,2003,77.4132480684052,91.4697330640121,7.46822945444335,13.3042273167815,0.0,0.752257678825373,8.53031222543274,2345100000.0,1.06208277098939,7.2,7408721963.59212,1.63062825499929,118843986.158281,0.0261570568741491,467739079790.332,803108000000.0,3.09076190489348,19720737.0,608.4748,555.3444,28.1604282841965,368.115,0.385716052825307,32.5526453095524,20.6494344181645,9520841000.0
167,Australia,2004,77.5812707390318,91.7245243702776,7.14911090293039,13.5352005393243,0.0,0.608053091921518,8.27551940604288,2573100000.0,1.1264085031125,6.7,8070659612.286,1.35222310214753,146303565.904952,0.0245128739467682,614659980082.515,864089000000.0,4.22428481359962,19932722.0,598.3452,575.3785,28.8660274296707,381.942,0.383983615529014,37.5315389343576,25.0018737946612,10693415000.0
166,Australia,2005,79.4226984474087,91.0754428165318,6.82790290837525,10.4102339820687,0.0,1.24251038705445,8.92460091843429,4794100000.0,2.09669801005904,6.7,8610604983.45238,1.28599605561151,163108087.310668,0.0243602345390319,695692898676.56,925442000000.0,3.15416753184221,20176844.0,628.3905,578.2469,28.6589369477209,384.0857,0.374331724646073,38.3034528899152,25.6250381548043,11180068000.0
165,Australia,2006,79.5863935059915,90.6605677962462,6.88442211055276,9.76076966026715,0.0,1.31340462998754,9.33943220375381,5716000000.0,2.45501009320105,6.8,9208437228.81601,1.28100106685679,171512095.579831,0.0238593337780569,748417562769.636,999585000000.0,2.75534610557227,20450966.0,662.7015,583.3082,28.5222810501959,390.1513,0.370047205586835,40.4875837332376,26.7246134497396,10905891000.0
164,Australia,2007,76.9971664397899,91.2850545121053,5.97021677352492,13.0981217896256,0.0,1.18976628268978,8.71494548789465,6674000000.0,2.74472871436973,7.0,9934315466.89062,1.21688003190737,193184738.254413,0.0236636989468009,855007458585.224,1089023000000.0,3.77332171303566,20827622.0,645.8277,592.7062,28.4576991074641,400.6653,0.366201470405901,44.2735161532276,28.7663435629125,13108829000.0
163,Australia,2008,75.7886860098429,91.8288305697288,4.95721997689344,14.3717031012947,0.0,1.66844145859116,8.17116943027123,7817000000.0,3.21394945337779,6.8,10438270536.4879,1.03088788785848,231394609.955755,0.0228526267723452,1056112427190.38,1179629000000.0,3.58626695226046,21249199.0,632.3046,591.3833,27.8308514123285,404.2851,0.35671708106254,45.5769513989837,28.4789414809039,12080056000.0
162,Australia,2009,74.8797156696029,92.4770915772761,4.78276287263965,16.1475165416139,0.0,1.44985936605927,7.52290842272387,6800000000.0,2.74014555008422,7.1,10916912713.2405,1.21828650600076,201494091.253004,0.0224859847156876,928762122698.05,1261441000000.0,1.89255581922549,21691653.0,632.4858,599.4883,27.636819563728,410.2594,0.355264861565322,47.7282064928345,30.2397653335604,15449622000.0
161,Australia,2010,71.324818630497,91.3845033463811,5.36252132303759,17.6461741226386,0.0,2.41351059324549,8.61549665361888,8219000000.0,3.25297533058129,8.2,11075212379.1341,1.00311205503699,243215845.169348,0.0220287194424398,1148838233480.72,1304322000000.0,2.21998026536549,22031750.0,643.8945,604.604,27.4423956335743,415.2731,0.351796667460216,49.5335640517183,31.3511591130836,15158474000.0
160,Australia,2011,68.0198986946897,89.6067526370103,6.61990027020001,19.2988191550538,0.0,2.28803478726673,10.3928534854226,9579000000.0,3.77295321522258,8.3,11525092340.0804,0.858579971674956,288273691.3888,0.0214754043164139,1398610616772.97,1418559000000.0,2.40708018291988,22340024.0,616.0435,610.0299,27.3065910761779,412.8096,0.341489791833136,48.64649495179,32.529944324944,17593613000.0
159,Australia,2012,68.6119521912351,89.4733067729084,5.61075697211155,19.3513944223108,0.0,1.50996015936255,10.5266932270916,12339000000.0,4.91593625498008,8.3,12023176721.5549,0.801615649453169,306351174.484092,0.020425208859697,1547532281116.4,1500738000000.0,3.91670942454073,22733465.0,594.3439,613.3936,26.9819668933003,413.3193,0.329024499015215,48.8300302147222,33.2607133802408,19491578000.0
158,Australia,2013,63.7968006605502,86.8294794560081,7.32296814689225,20.4634272452894,0.0,2.56925155016854,13.1701197247173,14588000000.0,5.84715157782507,9.2,12292697767.5994,0.799691682584541,311263285.354032,0.0202489856252415,1577123329410.88,1537271000000.0,2.60219339436559,23128129.0,600.8677,609.3944,26.3486250876584,405.6523,0.31473123721749,46.0692594458366,32.39188096179,19713068000.0
157,Australia,2014,61.392428066633,85.3831398283695,7.43907117617365,21.966279656739,0.0,2.02443210499748,14.6168601716305,17774000000.0,7.17778899545684,9.3,12513063572.308,0.875507599839358,293467561.579549,0.0205331874951731,1468265356427.76,1599333000000.0,2.59528411594042,23475686.0,580.176,600.0331,25.5597685196505,396.2575,0.299664987175763,42.6863340226558,30.3581239806828,21329031000.0
156,Australia,2015,63.1332652712618,86.6746646221562,5.34101878592625,20.8405003754007,0.0,2.70089897549368,13.3253353778438,20099000000.0,7.98431659191756,9.4,13137170576.1985,0.992850232407107,272676489.770613,0.02060770351351,1351296372254.31,1624165000000.0,2.19016928695221,23815995.0,570.4015,602.0584,25.2795820623913,400.5424,0.296413435441842,44.229261721573,30.7981235548698,18372619000.0
155,Australia,2016,63.6138825930166,85.4164232695438,5.9653714045377,19.6314383406937,0.0,2.17110233583351,14.5835767304562,22130000000.0,8.61820532591848,9.6,13825588932.9012,1.17350167904529,230392777.07379,0.0195555004599189,1206836962281.84,1657914000000.0,2.7593859723839,24190907.0,522.7783,603.848,24.9617759267976,408.5061,0.294189003126587,47.0968696741196,31.1869169375612,18067977000.0
154,Australia,2017,62.722407171287,84.3211421971949,6.31091854016409,19.5555538330963,0.0,2.04318119281166,15.6784702494681,24171000000.0,9.36755170930399,9.9,14561235979.1685,1.12833137657324,244508819.459928,0.0189466727440038,1325582658156.54,1757655000000.0,2.27959179820343,24592588.0,562.9167,613.4302,24.9437025497276,410.8371,0.289273438235432,47.9362275275528,33.268664787151,20902842000.0
153,Australia,2018,60.4123253248345,82.8983053444472,6.13661436626624,20.6396328757048,0.0,1.84634714390782,17.0970979406717,28613000000.0,10.9604835744055,9.8,15164917363.0418,1.09605661782509,269379379.241776,0.0194696116210383,1427809041019.44,1842045000000.0,2.87846971467883,24963258.0,533.7263,611.3213,24.4888427624311,409.2067,0.280063906807422,47.3491451404925,32.8105029829725,24127743000.0
152,Australia,2019,58.4427291251619,80.2955012006393,6.04751047245347,19.9885617325566,0.0,1.86421034292077,19.7037412982055,36056000000.0,13.656230825752,10.3,15762276197.8049,1.17128862921411,266570490.526378,0.0198087497338142,1392723834562.64,1947319000000.0,2.17154505737176,25334826.0,526.8874,609.1698,24.0447595732451,407.8604,0.273209619745538,46.8643628676151,32.3430862625542,24137191000.0
151,Belgium,2001,15.9907793688378,37.8446774658298,2.05960837373623,19.769233660315,58.0661730622267,2.08466443667706,2.85388556896055,634000000.0,0.794277195224314,1.6,2296605553.9737,0.952258187380385,196486041.952043,0.0814704300575514,236746141604.37,264334900000.0,1.09960362419645,10286570.0,149.7815,151.3759,14.7158771096682,125.934,0.338676199233848,8.74321941548382,7.70283230973265,8505447000.0
150,Belgium,2002,15.426043938637,38.3823368141442,1.81554545565317,21.7719236252422,57.707538778345,1.18436925026502,2.76352825061838,778000000.0,0.947982794965212,1.7,2233933629.42293,0.849892763820515,200698732.893545,0.0763551783936538,258383599375.177,273255900000.0,1.70689430349601,10332785.0,141.3187,143.518,13.889575753294,118.4934,0.313318073459403,2.31830796676584,2.11199462680791,9051349000.0
149,Belgium,2003,13.7161762968215,40.4395604395604,1.5550041356493,25.5334987593052,55.9836937256292,1.18988538343377,2.67162944582299,945000000.0,1.1166253101737,1.9,2426987972.61285,0.748709714917751,246702480.158451,0.0761060811480174,318082528506.588,281200200000.0,1.03795518162204,10376133.0,145.1036,147.2102,14.1873856088776,123.3716,0.322865718906152,6.53060308129103,4.73896759578112,9373718000.0
148,Belgium,2004,13.6337727110794,39.4216838855243,1.90832442702767,23.7976487353046,56.1833511459447,1.99026243914024,3.3085263032894,1179110000.0,1.40020187626173,2.0,2515558864.00503,0.671995800826545,265551677.262201,0.0709383567111346,369214712443.206,296819700000.0,3.57120671942319,10421137.0,144.2562,146.0974,14.0193339747861,121.9811,0.308219596209844,5.32991504948683,3.94721863313734,11877215000.0
147,Belgium,2005,12.2473037956954,39.3669172230263,1.87216956907419,25.088706288809,55.5523133666371,2.03090713852187,3.99451421634997,1818340000.0,2.12234464727578,2.5,2573479510.11789,0.658965115501319,291828313.146622,0.0747255524371396,385714762230.039,310037600000.0,2.32173792911834,10478617.0,141.165,143.0646,13.6530040176103,119.1447,0.294221578950973,2.8807014332269,1.78940388304201,11344252000.0
146,Belgium,2006,10.8952912386064,38.5153747029685,1.92464563112535,25.9921737382813,55.1444075330725,1.62790972608084,4.99038859399198,2593220000.0,3.06574296286663,2.9,2664509693.95303,0.643397560481703,285049802.396929,0.068830805117427,408259840868.823,325151500000.0,2.55234087322462,10547958.0,137.6803,139.5676,13.2317174565921,116.1913,0.279787189961544,0.330459050536835,-0.69868573087366,11848051000.0
145,Belgium,2007,9.45381489637012,38.368027967583,1.91028580508956,27.9914190370253,54.7399605003292,0.922794034187646,5.42542734557672,3096910000.0,3.51514154048716,3.4,2693532127.80698,0.564122670989061,331257616.310542,0.0693772795094589,470922156309.453,343618900000.0,3.67692462515802,10625700.0,135.2494,136.8457,12.8787468119747,113.0234,0.262506751202047,-2.40500273727513,-2.63529743236551,11586528000.0
144,Belgium,2008,8.57237644995794,37.6189291342315,2.08177822012109,28.56550433062,53.9911610327137,0.481048353653479,6.82941741015889,4006960000.0,4.7476391900378,4.0,2869759512.12503,0.541555160545305,361940753.787888,0.0683021982146316,517328087920.078,351743100000.0,0.446905130727231,10709973.0,137.1341,138.6669,12.9474556098321,114.3817,0.264479549309832,-1.23211920358246,-1.33952711355991,12881242000.0
143,Belgium,2009,6.75235515392124,39.1388745709178,1.92689426757181,32.0794446333198,51.7881622670893,0.307074783676782,7.53211673228562,5111010000.0,5.60522246471382,4.9,2752633880.48819,0.559204632448288,354817338.051393,0.0720820522183356,485014525992.461,347734900000.0,-1.90644105515335,10796493.0,129.8368,131.2146,12.1534464941532,107.4038,0.253171435954722,-7.25749210334983,-6.64178339888553,14579971000.0
142,Belgium,2010,6.29432717817544,39.3218404168737,1.76304579902546,32.5983785897748,50.6759399211492,0.429134648923464,8.44179729201239,6318700000.0,6.67875149298693,6.2,3049870084.53279,0.623937705455658,349181216.710937,0.0714349533272701,481556503720.001,363242400000.0,2.71031150254662,10895586.0,139.0953,139.624,12.8147306624903,114.977,0.263871195132864,-0.718081386011049,-0.658557548367267,14244767000.0
141,Belgium,2011,6.00968699317056,34.3932389642199,1.56999900702803,28.0635943378532,53.2166775158048,0.319957633196156,10.5488928362589,8138200000.0,8.97889382923089,6.7,2877842884.22785,0.549031035235705,360002468.254322,0.0686807917542417,527196649048.639,378745400000.0,1.93115502411325,11038264.0,128.7795,129.2707,11.7111440712054,104.5725,0.235446130151197,-9.70230190158589,-8.02485385942044,15529261000.0
140,Belgium,2012,6.58037326911499,35.3654425045154,1.99759181216135,28.3841059602649,48.5189644792294,0.400963275135461,14.2367248645394,10164600000.0,12.2391330523781,7.7,2960043420.13127,0.583069069412876,325421452.04653,0.0641014864583786,498414364944.961,387934900000.0,0.215803612089744,11106932.0,126.8587,127.4017,11.4704672721504,103.0863,0.231600133105525,-10.9856262833676,-9.35463352439281,15105693000.0
139,Belgium,2013,6.17896111051226,31.4170050183848,2.04088965542021,24.9158612099218,51.0749404141665,0.322182697950726,15.6365204268621,11351400000.0,13.5956307714419,8.3,3122308920.18152,0.583996286011436,314507820.251092,0.0588255049847892,524097026598.55,394616300000.0,0.305494549070232,11159407.0,127.8459,128.8169,11.5433463444787,104.4225,0.23388760975117,-9.8318259611117,-8.34772920022539,14601927000.0
138,Belgium,2014,5.87359569922117,32.8223861051761,2.01943621200634,26.6510441794748,46.4580605141636,0.297746226480116,18.4604038872424,11927100000.0,16.4409676752361,9.1,3035082011.54571,0.55524112709379,290240351.759343,0.0530968782477423,537987419164.351,404958300000.0,1.76554038149924,11209057.0,120.997,122.0131,10.8852243324305,97.7245,0.215087832480922,-15.6155069658039,-13.1885825359873,15159281000.0
137,Belgium,2015,5.89627716806542,37.7792123950936,2.03285273653253,31.5831002080195,37.4478157951366,0.299835019008679,22.3222150491356,14142700000.0,20.2893623126031,9.4,3307938171.54991,0.705499599794752,235693930.477104,0.0502675579174259,461044767544.531,415538000000.0,1.47416433731927,11274196.0,125.8304,126.7347,11.2411297444181,102.3791,0.222058913162075,-11.5962890493452,-9.8291990870127,12603568000.0
136,Belgium,2016,3.08272784617901,29.0879143985235,1.73936406326659,25.7844076349789,50.8410625423452,0.220778917365605,17.9650959044927,13890200000.0,16.2257318412261,9.2,3383586688.42756,0.703991276528088,226899641.955397,0.0472088890555894,474271566739.729,428467100000.0,1.19350273007754,11331422.0,124.9154,125.7471,11.097203863734,101.261,0.21704335074086,-12.5617613890506,-10.5318691764331,12287327000.0
135,Belgium,2017,2.79961671226867,29.5708793682679,1.61281012249045,26.5680739791501,48.7491197081472,0.20318867684919,19.5541393920502,15540600000.0,17.9413292695598,9.7,3469312892.01987,0.683778612411988,240917899.784865,0.0474833237437385,500908767351.53,443407200000.0,1.47446761556785,11375158.0,123.0146,123.7283,10.8770621032253,99.7004,0.210593223750527,-13.909329704357,-11.9682304325306,13456523000.0
134,Belgium,2018,3.12370900465092,35.2936473034022,1.74176095097216,31.956715841096,38.1095163848132,0.213222457655353,24.2593851197377,16897000000.0,22.5176241687656,10.7,3669481460.41284,0.66948185740955,255604873.991425,0.0466340619645645,542638913427.921,459491800000.0,1.87796847383565,11427054.0,123.5003,124.178,10.8670178682975,100.0981,0.207535812645877,-13.5659182478676,-11.6482722113759,14892671000.0
133,Belgium,2019,2.68570330186664,30.0211439067105,1.26009141002093,27.2606894195037,46.4770834223228,0.0747511853402247,21.7447994532485,19182700000.0,20.4847080432275,10.2,3792847508.49775,0.701062091308238,251835419.405367,0.0465487382232622,536726344405.489,479444900000.0,2.4428900448156,11488980.0,123.2713,123.7138,10.7680403308214,99.8825,0.202150489759464,-13.7520874960927,-11.9785470751962,15122502000.0
132,France,2001,4.34935308354412,8.18972576565429,14.2869361090386,2.75617345731807,76.624752060852,1.0841992247921,14.9187032555093,3471750000.0,0.63176714647062,9.4,7311139178.20274,0.521294894878413,838527935.167423,0.0597882657081588,1370376677298.86,1530070900000.0,1.89946701186636,61364377.0,502.0902,544.4153,8.8718459571422,405.3435,0.196355105454844,5.20969600697689,2.13906281600966,23211671000.0
131,France,2002,4.82789953905016,9.14512317931968,11.7750593403606,3.28567621180439,78.123574623969,1.03154742846513,12.456687350084,3810730000.0,0.681628009723412,8.7,7477077510.64398,0.492870433445884,923516171.210785,0.0608758990328749,1492427756382.43,1578330400000.0,1.06775027069419,61812142.0,485.6902,537.7983,8.70052844957226,399.9106,0.191676690325219,3.79954940924854,0.897631543498512,25769960000.0
130,France,2003,5.16302717884122,9.83173322889432,11.3397478644692,3.41684925851831,77.8123555583782,1.25185679153479,12.0654455064763,4113530000.0,0.725697642007064,8.8,7915762930.08281,0.423523312553963,1127843918.41608,0.0603439234588627,1835095983049.09,1622312800000.0,0.967827182558352,62249855.0,484.2617,541.1852,8.69375840313202,404.8426,0.192180616007679,5.07968396353746,1.53305599217133,27274023000.0
129,France,2004,4.74433545334664,9.54824728727139,11.3052279144957,3.66673460464452,78.0835567447605,1.13717722928022,12.0693402873951,4386410000.0,0.764112372899367,8.9,8334967836.41159,0.387857275482968,1212646865.08648,0.0564290011007282,2109792297237.03,1696107700000.0,2.86825052501032,62707588.0,483.8751,542.5221,8.65161804660706,405.9175,0.187318122864091,5.35868165867233,1.78387501411785,29043645000.0
128,France,2005,5.33016468742026,10.7104976729895,9.77865191359943,4.00461062283335,78.3821505014226,1.37572236273589,10.6198562305034,4845850000.0,0.841204316903939,8.6,8856529376.55039,0.396342608286446,1217825206.77951,0.0544994543991421,2192146403028.17,1762047700000.0,1.88856584109286,63180854.0,485.1872,542.9665,8.59384553428164,408.1656,0.184864266711376,5.94219149068709,1.86724996613596,32050921000.0
127,France,2006,4.59304641579212,9.61906103825393,10.7400120723156,3.78521019571415,78.3119284567441,1.24080442674766,11.790103484446,6036650000.0,1.05009141213042,8.5,9111813440.94773,0.38495775685644,1238889794.69992,0.0523408692957624,2317861544690.82,1846020800000.0,2.71406448755236,63622342.0,471.8394,528.9728,8.314261678704,397.4259,0.175243865441135,3.15462841836418,-0.758141721658978,33809249000.0
126,France,2007,4.94885637663049,9.88946378174976,11.1025891239943,3.85893907695764,77.1770264388312,1.08166832816164,12.560092879909,8304390000.0,1.45750375591469,9.4,9344050673.8991,0.344361668650593,1404872688.88526,0.0517745804544423,2655816911866.56,1937876300000.0,2.53048188351066,64016890.0,470.3824,523.1715,8.17239794060599,390.2734,0.167842759474611,1.29814780207229,-1.84653755681371,35702277000.0
125,France,2008,4.60678347734252,9.35176697350673,11.9146540816931,3.81383254967707,76.5845947933622,0.93115094648714,13.6874971680324,10172680000.0,1.77284308633929,10.5,9607642165.79653,0.320881951951605,1568626242.72938,0.0523899456248936,2926802941585.86,1989999700000.0,0.380171435849121,64375116.0,463.9526,515.6148,8.00953585854509,383.0041,0.164092657729069,-0.588649058327617,-3.26426820468814,37145088000.0
124,France,2009,4.48178383169287,9.18673321826748,11.5624387740822,3.82572188272613,76.4539814339693,0.879227503848486,13.9254447917153,12663940000.0,2.36300601763306,11.2,9492955667.33886,0.343573721216378,1525932351.15297,0.0552272942782055,2700075882518.98,1935840200000.0,-2.82455153714783,64706436.0,461.1095,501.103,7.7442528282658,370.3759,0.16329462596551,-3.86638530700388,-5.98686187862302,39643492000.0
123,France,2010,4.62244878242433,9.7655488356488,11.8613282931105,4.17329044928129,75.2732804367568,0.969809603943178,14.5810478721629,15483010000.0,2.71971957905239,11.9,9938941174.50649,0.36723589599215,1481265172.67657,0.0547315587585073,2646230027988.34,1996075100000.0,2.00032476039051,65026211.0,468.8219,510.8304,7.85576142518899,377.7598,0.16328389734233,-1.94984322764177,-4.1618809869463,38486500000.0
122,France,2011,3.46527662764446,9.90420236922621,8.87248193443223,5.14099423819527,77.1239790448131,1.29793150338648,12.4090462949242,20285910000.0,3.53656436049198,10.6,9996686078.12823,0.339869803004296,1560467339.57978,0.0530531541305457,2870408553990.28,2062141400000.0,2.43757653729007,65340830.0,450.062,493.2444,7.54879299819118,364.3139,0.153724845126277,-5.43981914076289,-7.46123271104801,45917847000.0
121,France,2012,4.21050794814078,9.45191854682511,11.2999703362474,3.97023155176325,74.2302256190127,1.27117904692108,15.7356680451587,25420540000.0,4.43569770891134,12.3,10514726244.1979,0.383420384947416,1443470816.85452,0.0526362858532926,2683007095787.23,2088286700000.0,0.183835264973013,65657659.0,449.0606,495.4001,7.54519895386462,366.1388,0.154211379781467,-4.96615378226292,-7.05679665329489,47380889000.0
120,France,2013,4.52131676506934,8.77488672250446,13.2277220925443,3.15683784154881,72.7179733626253,1.09673211588631,17.9490525882191,27508360000.0,4.72133049567486,13.4,10944082622.1375,0.380682248494704,1420010135.82959,0.0493940579632886,2816077607875.26,2120351900000.0,0.781756446231,65997932.0,437.8829,490.0673,7.42549478671544,360.9924,0.150864412144389,-6.30193733258582,-8.05729607751243,54744382000.0
119,France,2014,2.41407535782663,5.83238651734026,12.1419333895314,2.29714140107824,76.1779350859465,1.12116975843539,17.4240636120725,30265180000.0,5.28213022254103,13.2,10306618910.023,0.353224708192649,1337687040.22656,0.0458447254683698,2861236112552.42,2153733100000.0,0.997832947295251,66312067.0,411.4963,456.1684,6.87911598352077,328.0879,0.135758460468414,-14.8425268381819,-14.4171501750986,53607054000.0
118,France,2015,2.51007496081241,7.30673923052649,10.4350210293791,3.64595458205941,75.4310634709598,1.15070968765466,16.6912500883769,36280060000.0,6.2562290589978,13.3,10824778115.7839,0.43440467977547,1105787841.08795,0.0443759131013496,2442483452642.5,2201401600000.0,1.06675474783462,66548272.0,418.8697,460.3796,6.9179797786485,332.9749,0.136326368819309,-13.5740723436948,-13.6270768224012,52716628000.0
117,France,2016,2.1692688681752,9.57766039233192,11.6355075621499,6.19408986717967,71.4223714930508,1.21430165697705,18.3954832584027,38161550000.0,6.75997569625276,14.2,11273355602.8833,0.446420628406464,1012712983.71618,0.040103052055799,2470407619777.13,2231819200000.0,0.860031075424033,66724104.0,424.2918,461.9592,6.92342305563219,335.7678,0.136297634127576,-12.8491559210116,-13.3307242701784,53529112000.0
116,France,2017,2.70195793280129,11.1429541620072,9.80193108745006,7.20024320821503,70.821769979786,1.24075302099093,17.3813942159824,42633040000.0,7.57946312853234,14.1,11892274108.8085,0.448121588283429,1008360199.86331,0.0379967674971305,2588868323334.71,2291680500000.0,2.08361485997399,66918020.0,435.1724,465.0188,6.94908187660065,339.3458,0.134938447840844,-11.9204613883179,-12.7567053610995,58351762000.0
115,France,2018,1.81063399670575,8.03913250330198,12.1038701399969,5.24657908341592,70.9243989028334,0.981919423180306,20.4354555869103,48508740000.0,8.33158544691332,15.2,12029833371.4683,0.421262600360954,1085853888.07595,0.0380246025342155,2781576320884.39,2355362800000.0,1.64590872395887,67158348.0,412.0556,451.87,6.72842637522889,328.6302,0.128561461280237,-14.7017691397247,-15.2235833293622,63042469000.0
114,France,2019,1.02762620446821,8.92907769148113,10.7753747720567,6.86647509511493,69.8287056319936,1.03497639189799,20.6287000318508,56303280000.0,9.85332525979413,15.5,12254880823.6214,0.439650146125679,1073607607.63973,0.0385162245454597,2722793515171.76,2432206800000.0,2.02744646419237,67382061.0,405.0328,441.6307,6.55412870199978,322.7523,0.123752977694121,-16.2274185510496,-17.1446030102785,71104600000.0
113,Germany,2001,51.4399579813303,62.2154275365532,4.64746267944052,9.96408631562433,29.2126956409041,0.811383239598503,7.23304331811066,15162000000.0,2.58558063867014,3.9,16450790907.4905,0.851435712250418,1803584187.3544,0.0933472436552863,1966381496641.73,2195530000000.0,1.63654099437316,82349925.0,1032.0628,1043.9911,12.6774990991188,885.8183,0.302144586110303,-12.557683294381,-15.5260550533691,38320580000.0
112,Germany,2002,52.2577357191313,62.2856207835771,4.74932417921438,9.29121484112672,28.0967591282679,0.736670223319141,8.38887051853266,21353000000.0,3.63954633931828,4.4,16794908837.3781,0.816700329455155,1919957389.18692,0.0933634024138952,2102350798305.89,2223360000000.0,-0.228310223930706,82488495.0,1042.5795,1024.4593,12.4194204294793,870.3116,0.297534693540009,-14.0884055344374,-17.1064595203312,40065818000.0
111,Germany,2003,51.6293643394567,63.7938731830298,3.75819031737069,10.5049437346534,27.0920598237851,1.65956510891973,8.41124256470187,28349000000.0,4.65305224733117,5.4,17583369803.2497,0.710086292189116,2290421324.9382,0.0924963078394486,2534715518349.01,2240810000000.0,-0.529929010433477,82534176.0,1056.9417,1026.9517,12.4427449302941,878.2763,0.301857226134006,-13.3021812942459,-16.9047883946051,40581760000.0
110,Germany,2004,49.8945910569855,61.9896807637982,4.2810754139101,10.3826595412486,27.0301535912657,1.71243016556404,10.3016006303503,37211000000.0,6.02052521644024,6.3,18114804382.5935,0.639792925092716,2490205896.8711,0.0879510526966114,2852317768061.78,2293040000000.0,1.16236825444811,82516260.0,1027.1505,1010.256,12.2431142662064,863.7247,0.293445034304196,-14.7386221713123,-18.2557114461957,38146116000.0
109,Germany,2005,47.7846750353868,61.5795825482977,4.23951315489621,11.8694171532015,26.1677638441762,1.92549035970946,11.2629470690756,43764000000.0,7.02343391417943,7.3,18668370766.657,0.650382303142787,2522373810.52838,0.0878762966936864,2893393187361.87,2325710000000.0,0.885697256705441,82469422.0,997.001,983.6981,11.9280343689083,842.0993,0.283586225252803,-16.8733433389442,-20.4046287908916,33264025000.0
108,Germany,2006,46.6196646222392,60.3225362982219,4.18534823484567,11.9914577715844,26.1311266430667,1.71141390439828,12.3838878699732,52480000000.0,8.19853963512749,8.6,19972418203.5908,0.655832562272466,2517521869.89007,0.0826676470358575,3046308753670.58,2426180000000.0,3.85573614635729,82376451.0,994.6972,990.3693,12.0224807936919,855.8555,0.277518400032024,-15.5154192623409,-19.8648324444209,36647099000.0
107,Germany,2007,48.068923149846,62.0394104953286,4.37887462734972,12.4101897242076,21.9121480871659,1.56029762127506,15.0125048335391,68199000000.0,10.6336302061894,10.5,20185395571.4332,0.580821226503823,2842717086.21964,0.081797278570956,3484056680854.91,2542220000000.0,2.89010717888073,82266372.0,957.1029,962.4113,11.698720590231,826.9926,0.260626961541963,-18.3645801374804,-22.1270380827811,35833841000.0
106,Germany,2008,44.5149176337019,60.1042386322344,4.12790597937373,14.0798570227737,23.1581623184518,1.50946397575875,15.6434365062903,73840000000.0,11.5155305269166,10.2,21193494713.0695,0.560552920150295,3120442043.40207,0.0825334813002838,3808786022312.5,2589680000000.0,0.910403214153277,82110097.0,950.815,961.5546,11.7105524793132,830.3551,0.25932574449463,-18.0326556447005,-22.1963574750976,35900562000.0
105,Germany,2009,43.63227594393,59.0877312986928,4.13785125463352,13.7673542128761,22.6217959357485,1.68810114188667,17.0317317412975,76908000000.0,12.893880486664,10.7,20293598195.6448,0.581782669898134,3060923367.42905,0.0877514254440416,3479800820863.28,2494870000000.0,-5.54516454479311,81902307.0,888.8802,896.2966,10.9434841682787,768.5531,0.254115677162056,-24.133353786792,-27.476671358355,32869962000.0
104,Germany,2010,43.1919699267122,58.8435051806924,4.32035001263583,14.2709123073035,22.2005307050796,1.38062294667678,17.6238311852413,84227000000.0,13.3034811726055,11.6,22092982211.5696,0.637077768534713,2918890863.37258,0.0841697358928735,3468154343000.01,2616060000000.0,4.14676755040489,81776930.0,939.5093,942.5264,11.5255781795673,815.3784,0.258863600562952,-19.5110596747426,-23.736013435032,31747645000.0
103,Germany,2011,44.4251805918225,59.8204601686774,3.83479334489164,14.2269984978544,17.6100064750466,1.16828107900046,21.1830252657297,106366000000.0,17.3482319208381,12.5,22266293794.1964,0.579048407830086,3100845836.63346,0.0806393673426315,3824828563521.41,2747810000000.0,3.75796884487347,80274983.0,904.3608,913.7212,11.3823904515807,788.5477,0.241278315944541,-22.1596147642384,-26.0667697786222,37216528000.0
102,Germany,2012,45.536626591163,59.1015002053114,4.43249712723256,12.3509901100405,15.8296647854417,1.21388350410782,23.7360619053531,121287000000.0,19.3035647781205,13.6,23617276148.6234,0.653897165136502,2808694689.09702,0.0777650006451546,3597896500945.31,2800380000000.0,0.47429132103845,80425823.0,918.8692,924.727,11.4978866924371,800.4648,0.243768514485264,-20.9832348763849,-25.1762417431881,36187822000.0
101,Germany,2013,46.8153329961907,58.7043076494322,4.50633394968851,10.7619997463602,15.2324796735875,1.12697490688131,24.7569676577929,129341000000.0,20.2506337081044,13.6,25089349171.8302,0.656743891190043,2872697460.34385,0.0751963112074759,3808086291482.36,2867280000000.0,0.386224592046474,80645605.0,933.4453,941.9149,11.6796804983979,818.2784,0.248234613042749,-19.2247902237206,-23.7854926090737,39505010000.0
100,Germany,2014,45.381853629943,56.2017565935974,4.05284435000621,9.91882842789014,15.4711805876338,0.901074535764233,26.8208650442971,142939000000.0,22.7680206942909,14.0,24782014156.6782,0.624702229627799,2778056502.1786,0.0700289363072333,3965800686309.79,2985170000000.0,2.16949889758517,80982500.0,904.871,902.5303,11.1447572006298,779.2231,0.231367208134468,-23.0800796342385,-26.9722750750785,41561110000.0
99,Germany,2015,43.761539636192,54.4394725354731,3.84045262367174,9.72021057859755,14.1577550211396,0.957722320683501,30.0329009777745,169808000000.0,26.1924483541027,14.6,25812211152.5549,0.751643901137815,2305517056.73767,0.067135970042402,3423568450957.03,3085650000000.0,1.65271978656361,81686611.0,905.0607,907.5201,11.1097778312776,785.3872,0.229406016339604,-22.4715991090505,-26.5685282514756,41157332000.0
98,Germany,2016,42.0011407504662,55.5517803855491,4.01783998438002,12.6518758580611,13.0116273527978,0.898763777021719,30.0192636163635,169126000000.0,26.0014236319834,14.2,26831318659.6548,0.754551229825156,2270803160.35753,0.0638596015005052,3537784107980.55,3196110000000.0,2.29471066413561,82348669.0,911.122,910.0183,11.0507954900886,789.7138,0.22549532027233,-22.0445048308463,-26.3663878220546,41493967000.0
97,Germany,2017,38.6743314829064,52.9397007601079,4.00093005753201,13.413173469497,11.6752814265369,0.852195807704486,34.0095116739047,196173000000.0,30.0085816163727,15.2,27396795820.1424,0.725015196357601,2315291263.30861,0.0612707179669015,3763092263752.95,3331110000000.0,2.71602454639843,82657002.0,888.7698,893.8904,10.8144546544284,774.9482,0.215428063502867,-23.5020704191261,-27.6713676602015,41741059000.0
96,Germany,2018,37.3124028054485,51.1477544545551,3.72586920814155,13.0256312571432,11.8671034306164,0.809720391963377,35.6372215317549,204382000000.0,31.9113523236134,16.0,27726798769.9025,0.674875042607019,2518217180.63852,0.061293838541575,4052008447223.53,3431130000000.0,1.11644310902427,82905782.0,937.7637,861.8892,10.3960083266569,747.2145,0.205424912325413,-26.2397638928539,-30.2607265225769,45447473000.0
95,Germany,2019,29.9558259201835,45.6958694516713,4.22973816848103,14.9531155001425,12.3692366501515,0.786928031345308,40.577541904412,220601000000.0,36.3478037359309,17.1,26808063513.7838,0.667020226046949,2472387741.41924,0.0615162907723357,3957208055215.68,3534880000000.0,0.987893350164853,83092962.0,873.169,808.7897,9.73355240363197,697.0085,0.189747726466544,-31.1957790852724,-34.5572423067571,47403386000.0
94,Netherlands,2001,30.4506582108196,90.6846887244696,0.124915921975593,57.4090088935866,4.24500603226461,2.82502162006342,3.52561844057952,3185200000.0,3.40070251860393,1.8,3243271253.84557,0.771294435267996,369637844.76066,0.0879049547244338,432536219668.898,482941000000.0,2.32357570819386,16046180.0,228.3541,224.047,13.9626378365443,181.5213,0.273926510939356,10.0989197015123,0.3859118214115,12699718000.0
93,Netherlands,2002,30.2018107750492,90.2584886592138,0.114606015773955,57.5947322907659,4.07893228868214,2.46194559339869,4.14185099134204,3865390000.0,4.02724497556808,1.9,3374176782.68875,0.732768281558245,429554610.950548,0.0932861596690942,475529972122.746,502901000000.0,0.245785659129112,16148929.0,227.2224,222.7243,13.7918929484426,181.9036,0.273830388705166,10.3307978172039,-0.206733675141368,14050140000.0
92,Netherlands,2003,30.7194943089095,90.122704455783,0.0743663368381912,56.8282757338511,4.15005474188684,2.57493441302237,4.09206965646884,3889860000.0,4.01770331963065,1.9,3579754740.22201,0.625445862823316,488776801.479812,0.0853978695508627,582435617081.96,514901000000.0,0.097832364227159,16225302.0,229.0953,225.2651,13.8835690084536,184.3454,0.277234951050228,11.8118336081945,0.93169051601425,14923871000.0
91,Netherlands,2004,27.7975378900152,89.4668721718339,0.0938605331278282,59.2674926393582,3.77615744857431,2.40184164246053,5.24308890074496,5211740000.0,5.14922836761713,2.2,3797386354.47395,0.585474958953281,543269175.568076,0.0837603732081574,661224886143.245,531573000000.0,2.01630996216733,16281779.0,231.7097,227.7127,13.9857382906377,186.8059,0.27538270020597,13.3042115931779,2.02835575935196,14011587000.0
90,Netherlands,2005,26.9492899390519,86.8576175178391,0.0880695749642217,57.6445391859569,4.00016012649993,2.26378839283034,7.45283774181603,7358950000.0,7.36476816685181,2.7,3907100559.6299,0.580103252210946,523502725.53401,0.0777265977644405,688133699635.797,553122000000.0,2.03396336199143,16319868.0,225.2703,221.3494,13.5631856826293,182.2002,0.263238955042915,10.5106959315489,-0.822767766931298,15796348000.0
89,Netherlands,2006,26.8210010826343,86.7574595529833,0.107251626481034,57.8167211356531,3.50996124776138,2.1197373346959,8.14500217538676,7943950000.0,8.03775054890573,3.1,4014544156.86115,0.550905858354209,533089931.909346,0.073154598640192,737593995289.411,587444000000.0,3.53737509680782,16346101.0,221.5262,217.7677,13.3223023643375,177.7446,0.248027921459554,7.8082210890811,-2.42757488495007,14886909000.0
88,Netherlands,2007,27.0679408548471,87.1915561260876,0.101744877097894,58.0135976798365,3.99372414776779,2.11001759140398,7.2103361384491,7475750000.0,7.10859126135121,3.7,4237697058.70117,0.505040486991999,603332788.647021,0.0719040273940496,853499460872.552,622775000000.0,3.88530644801823,16381696.0,222.0481,217.9249,13.302951049757,178.9147,0.240323398935616,8.51792703512015,-2.35714026481086,16760154000.0
87,Netherlands,2008,24.9311960725974,85.7613061588813,0.0948378458792026,58.9101085986314,3.87626450461172,1.92000148765248,8.86154604284439,9428770000.0,8.76670819696519,3.9,4434131382.61696,0.489499485853486,673955562.654845,0.0744003442705708,957901566041.406,651299000000.0,2.11681593642137,16445593.0,217.8518,213.408,12.9766071676467,179.9915,0.23675805558341,9.17104331808303,-4.38097064462464,17454668000.0
86,Netherlands,2009,23.4029078818904,85.289073013695,0.0861985557344029,60.5782339851,3.73644351795657,1.30793114670466,9.53023546278949,10737020000.0,9.44403690705509,4.4,4432329032.96935,0.52857316476943,658717590.389924,0.0785547369908228,878954223140.234,630173000000.0,-3.66529049145096,16530388.0,211.7771,207.5742,12.5571281206467,174.7807,0.23865110554729,6.01051366795029,-6.99484778818715,18639830000.0
85,Netherlands,2010,21.6315921857969,85.8438836253878,0.0880355495933596,63.1617338811101,3.32774377462899,1.05055755848076,9.38767502305693,11091680000.0,9.29963947346357,3.9,4890023107.72708,0.582240762977496,603805496.845571,0.0718933562129482,852464982433.335,643022000000.0,1.31932032302214,16615394.0,223.1044,219.241,13.1950527324239,186.1735,0.250897059738783,12.9206392145136,-1.76745194696613,20227316000.0
84,Netherlands,2011,21.7070452690786,83.903547642656,0.0500162333388907,60.9627686178848,3.63363547818151,1.23373375569264,10.8106753946456,12263170000.0,10.7606591613067,4.7,4735853141.85719,0.524902529720418,604140659.049286,0.0669604716918169,913140741332.687,656013000000.0,1.77334516269423,16693074.0,210.2541,206.1432,12.3490257097045,174.1304,0.23057820640121,5.61608432284373,-7.63601789899622,20870248000.0
83,Netherlands,2012,26.4573686963597,82.2761880775713,0.100742003603464,54.7929945560571,3.79235523180348,1.0258248251545,12.0898638045605,12376850000.0,11.989121800957,4.9,4892600581.56335,0.58976632046725,567476935.000746,0.0684050901613723,845689017065.625,658232000000.0,-0.977876877747732,16754962.0,207.2046,203.3032,12.1339099426188,171.6434,0.229529512287423,4.10763317525025,-8.90850085825391,20856802000.0
82,Netherlands,2013,27.0973137852996,83.4517366919217,0.112171602873167,55.1707173078815,2.84463249040638,1.18370559874053,11.9116796221588,11991840000.0,11.7995080192856,5.0,5077994776.20098,0.583063627689549,566380673.481192,0.0650327510538037,883951539006.669,665567000000.0,-0.0302325600539604,16804432.0,204.5378,201.1371,11.9692888161885,169.4024,0.226601250548342,2.74838949943319,-9.87903794911591,21544017000.0
81,Netherlands,2014,31.3667060121132,83.0588827183189,0.108361229899959,49.8481007759438,3.95808742429227,1.84407593026181,11.2692873314112,11535710000.0,11.1609261015113,5.6,5043542458.51597,0.571075209534479,543903693.501989,0.0615856648948724,901556501756.467,678627000000.0,1.61261001294011,16865008.0,197.3269,193.0125,11.4445543103211,161.7884,0.212981811577624,-1.86976371237896,-13.519324938829,21110847000.0
80,Netherlands,2015,38.3194360011977,81.0829938392023,0.0843820601925363,41.5685989856006,3.70010797274369,1.19495885240398,12.4230716884578,13598840000.0,12.3386896282653,5.8,5473589558.82859,0.722325857106918,429974868.534486,0.056741917184429,775743675302.734,699175000000.0,2.12060523860846,16939923.0,205.5923,201.0111,11.8661165106831,169.4176,0.218393788301122,2.75760882289253,-9.93549317899848,21503233000.0
79,Netherlands,2016,34.338039910384,81.044304347071,0.0868372149568419,45.6164573889786,3.43875371229094,1.08980704770837,12.8331336077389,14678380000.0,12.7462963927821,5.6,5693417574.99875,0.74420571641313,425635767.042946,0.0556362793999555,797163949289.885,720175000000.0,2.42428572955482,17030314.0,207.3577,203.0586,11.923362070717,170.8321,0.215004867558211,3.61555178560704,-9.01809569340687,19450900000.0
78,Netherlands,2017,29.1250949499432,79.3935152389325,0.0512089581537464,49.2741130181706,2.90354792731742,0.994307270818575,14.8803844085792,17374900000.0,14.8291754504255,6.4,5828086172.2298,0.707047096097429,448925561.40519,0.0544623921430468,848233537845.884,750861000000.0,2.78154619309936,17131296.0,202.8094,199.3462,11.6363759052438,168.0916,0.205830475309688,1.95334415795125,-10.6814639109943,19147562000.0
77,Netherlands,2018,26.5660654490772,78.1078694515602,0.0629486181904021,50.3851231432343,3.07224228223712,1.15668085924864,16.5280689637084,18832640000.0,16.465120345518,7.4,5930094964.45768,0.651230410891115,490607147.099213,0.0538774329764476,929733599796.862,787273000000.0,2.2587403735731,17231624.0,196.4565,193.0893,11.2055195726183,163.0209,0.195212001157869,-1.12221001740147,-13.4849141320434,19786031000.0
76,Netherlands,2019,16.5137387981023,75.9340405904059,0.0609515023721666,58.2490445440169,3.21972192936215,1.17125724828677,18.7762503294676,22721870000.0,18.7152988270954,8.6,5967587117.03685,0.669252580441607,486210010.099136,0.0545274492879058,928903005576.469,829767000000.0,2.30009157916757,17344874.0,190.427,187.4108,10.8049675079796,157.8604,0.184782314890055,-4.25223098529701,-16.0292079644888,19669046000.0
75,Poland,2001,94.1565487309087,96.7359356114713,2.89803318316669,0.932589825293924,0.0,1.64679705526865,3.21255905944402,458000000.0,0.314525876277332,7.3,5698430698.10121,2.99437360541512,617513723.008558,0.324487019518301,191823200371.284,785305000000.0,1.23374464400356,38248076.0,375.7143,408.6098,10.6831465195792,309.7498,1.08051815843206,-16.6275127501445,-20.3261829454934,4490785000.0
74,Poland,2002,93.6715096512773,96.8451216296851,2.71012863744224,1.52505446623094,0.0,1.64855751217685,3.04872125778832,488000000.0,0.338592620346086,7.5,5790291705.93506,2.91827388879948,586189182.152359,0.295435993737331,199694463255.567,814760000000.0,1.90119437968586,38230364.0,359.1568,400.8119,10.4841246083872,302.5032,1.03555157579618,-18.5780130123071,-21.8466762327551,5639573000.0
73,Poland,2003,94.2076488317033,97.4266475852563,2.1717195032678,1.59927719265849,0.0,1.61972156089454,2.55356754225719,579000000.0,0.381848038989389,7.3,6256165850.64684,2.89988589293213,598625637.612606,0.277477624970702,218561225998.47,850001000000.0,3.52337117234833,38204570.0,367.2969,411.1318,10.7613251503681,315.2933,1.04260090291927,-15.1354201545413,-19.8344243860769,6559357000.0
72,Poland,2004,92.6945556211444,96.6768077115186,2.39428122912058,2.0919959262839,0.0,1.89025616409032,3.12408617077174,1125060000.0,0.729804941651152,7.3,6659546402.46736,2.69534084333452,674174756.555642,0.272861039937537,256268656145.134,937339000000.0,5.09079546409544,38182222.0,356.3538,411.2391,10.7704339469819,317.4756,0.998962137373331,-14.5480306584856,-19.8135022237353,6176174000.0
71,Poland,2005,91.2760615792425,96.3239792017128,2.40735076719172,3.29115053270123,0.0,1.75676708976908,3.45679130346128,1646950000.0,1.04944053626956,7.2,7011283444.55247,2.33634590728665,814225598.512631,0.271321600351365,306999913150.525,993293000000.0,3.26082274679216,38165445.0,357.2337,411.4274,10.7801022626619,317.0782,0.966205440008303,-14.6549951389569,-19.7767860711825,6527118000.0
70,Poland,2006,91.8914073029887,96.5210025843627,1.86717117384477,2.83167019079769,0.0,1.79792509057635,3.26176874281263,2255650000.0,1.39459756896786,7.2,7702676744.24877,2.29447287122709,852784375.927749,0.254027357052665,345897630736.173,1073375000000.0,6.20210710934373,38141267.0,377.1731,425.3746,11.152608013782,330.7299,0.948950197076589,-10.9804933824139,-17.0572559443412,7603011000.0
69,Poland,2007,91.488440394608,96.0551748374627,1.84439089288852,2.81333935788337,0.0,1.75339508497126,3.80481712980395,3123900000.0,1.96042623691543,7.3,8070553025.3314,1.94782914084046,996844182.923314,0.240588487837313,429715132137.503,1189430000000.0,6.7604478527626,38120560.0,381.8162,423.1601,11.1005740734134,330.2791,0.887647769899059,-11.1018310467231,-17.4890558372151,8150782000.0
68,Poland,2008,90.5392614532694,95.3072985415795,1.76877756672354,3.01278130131032,0.0,1.75525578699977,4.67064164064261,4506740000.0,2.90186407391906,8.0,8274879915.02711,1.58383363665626,1196766730.21017,0.229064279119728,535612030671.888,1290419000000.0,4.38377069274605,38125759.0,373.6597,414.5654,10.8736300830103,324.5562,0.835634770830205,-12.6422110801636,-19.1649151911472,9324080000.0
67,Poland,2009,88.8959926179805,93.8459003427366,1.96018982335882,3.15515423147904,0.0,1.79475349327709,6.15815317690482,6369150000.0,4.19796335354601,8.8,8209571478.15073,1.9265925681407,938692242.14881,0.220288903301272,440891472247.096,1375644000000.0,2.61512859291683,38151603.0,357.1309,397.9985,10.4320256215709,311.3427,0.781184983656507,-16.1987665977974,-22.3952541594253,9395749000.0
66,Poland,2010,87.7747261460005,92.6524036357409,2.21239780028797,3.0433155521163,0.0,1.83436193762408,7.4035723120445,8184250000.0,5.19117451175654,9.5,8966137552.40291,1.94965792940284,977723808.158725,0.212602914488161,478111630683.514,1441650000000.0,3.16892748258036,38042794.0,377.8999,417.0028,10.9614136122599,329.3638,0.801017765033847,-11.348193877562,-18.6896525770625,10546270000.0
65,Poland,2011,86.5623547826938,91.6214200112505,1.68818940005381,3.55919974564042,0.0,1.49986548291633,8.3911451072468,10962550000.0,6.702955707193,10.4,9264398629.49193,1.831508418672,1039579333.67243,0.205517743530311,527848543023.469,1563935000000.0,5.25546256612796,38063255.0,369.0869,413.6542,10.8675466667262,326.9131,0.755359965194444,-12.0078261178515,-19.342587831647,10184662000.0
64,Poland,2012,84.1352173135396,89.257365593719,1.52030048291898,3.86088479637842,0.0,1.26126348380094,10.7618648196917,14984180000.0,9.24156433677277,10.9,9425099414.32692,1.97840752220141,958198201.264504,0.201133849714086,498148649702.66,1622242000000.0,1.51178167644575,38063164.0,363.654,408.6597,10.7363565467127,319.7015,0.727695790695982,-13.9489057539031,-20.3164530675731,8400873000.0
63,Poland,2013,84.9179730222384,89.202819297606,1.82099890630696,3.20209016891481,0.0,1.08275610645279,10.7618726455219,14714890000.0,8.94087373921497,11.4,9642662264.0906,1.94016015440794,944641973.801537,0.190067500816266,518179836405.36,1637768000000.0,0.684240607051805,38040196.0,354.6497,401.8042,10.5626217067862,315.0691,0.712277953803554,-15.1957659938007,-21.6531901032908,8875020000.0
62,Poland,2014,82.7057884181341,87.0576327023306,1.7188590397274,3.34970042562823,0.0,1.0021438585682,12.8766746930384,17747510000.0,11.157815653311,11.6,9620745755.21856,1.85540193623594,908791081.106415,0.175264244001476,542134167178.627,1710185000000.0,3.92050862390032,38011735.0,346.9381,386.6703,10.1723928150083,302.5461,0.658163790282574,-18.5664660163025,-24.6041119361034,7761406000.0
61,Poland,2015,80.6103889805025,85.7666844504802,1.47625860898244,3.8722233000291,0.0,1.28407216994859,14.1941386167427,20977380000.0,12.7178800077602,11.9,10052126036.1876,2.18879059159772,773460118.009001,0.168416335328426,480054118583.367,1809564000000.0,4.43176700264478,37986412.0,352.4627,388.6297,10.2307556712648,305.7471,0.636901316256292,-17.7048824682686,-24.2220533630182,10902831000.0
60,Poland,2016,79.774957241876,85.8559126233984,1.57349896480331,4.69949290365169,0.0,1.3814624778708,13.9911543193207,20692160000.0,12.4176553545174,11.3,10766283535.8162,2.38302376298354,754524538.445756,0.167007482098057,473259623976.262,1865960000000.0,3.03117767594847,37970087.0,356.4659,400.0847,10.5368391702658,316.7049,0.640318307092664,-14.755472845449,-21.9884711670959,6182487000.0
59,Poland,2017,78.2788255653653,85.3500718622591,1.77925087261315,5.88625230985833,0.0,1.18499398703546,14.4485202240929,21596670000.0,12.6692693514798,11.1,11706311111.814,2.33003774502943,848992889.742474,0.168984529752092,528356723263.073,1996836000000.0,5.15245773325907,37974826.0,369.5314,413.8708,10.8985568492137,330.1994,0.634889270796825,-11.1232831581815,-19.3003535318969,7940296000.0
58,Poland,2018,78.2214668399602,86.710107681179,1.40379559983298,7.43006016266856,0.0,1.05858067855021,12.9782873340822,19681150000.0,11.5744917342492,15.1,12220242697.027,2.1668488359998,921736345.539936,0.163438924819212,594616632477.019,2147587000000.0,6.2458584723942,37974750.0,369.2701,413.0762,10.8776542307718,329.5644,0.596416967949429,-11.2942002319089,-19.4552906259938,12534140000.0
57,Poland,2019,73.4511061785009,83.5530648584043,1.62450911042271,9.02322121130814,0.0,1.07873746859526,15.9761141059102,23534910000.0,14.3516049954875,15.6,12035083087.7647,2.10714690300415,921170216.9928,0.161281891925563,602683770144.88,2313929000000.0,4.58045817256199,37965475.0,369.4378,394.6734,10.3955870432281,312.0829,0.540043982017271,-15.9995338135879,-23.0436072069732,14328480000.0
56,Spain,2001,30.3911267772713,50.7227711027131,18.5836058906269,9.89594807571726,26.9907980138623,10.4356962497246,22.1453507092138,8407000000.0,3.561744818587,8.9,5720942633.56352,0.924013437387276,496204166.671864,0.0801440159533225,627798682378.741,700958000000.0,3.91908880808811,40850412.0,347.6873,394.7261,9.66272017036205,313.9155,0.308883172343298,35.4143435489402,32.5757390012571,16028947000.0
55,Spain,2002,33.6626508975264,58.5570175259542,10.7245938983715,13.2214197941629,25.7259615188344,11.6729468342648,15.6014876444677,11946000000.0,4.87689374609616,7.4,6302776294.26519,0.899460203233489,535473175.801592,0.0764166121477001,708938227243.923,749744000000.0,2.75545611564098,41431558.0,365.6821,412.2859,9.95101125571961,331.3246,0.317270928721096,42.9241410845122,38.4735082688943,18521349000.0
54,Spain,2003,29.1343505711414,53.4414244397904,16.8377405966875,15.1005347019248,23.7336309866286,9.2065391667242,22.698365208319,15279000000.0,5.86062461163149,8.9,6695965335.41737,0.743959807470582,662944852.367357,0.0736569411615824,907963217057.645,802683000000.0,2.9392895953076,42187645.0,375.9424,422.196,10.0075744924847,339.7315,0.316032136685776,46.5506419893149,41.8019905533857,18137091000.0
53,Spain,2004,28.6894497346182,57.0131512211848,12.3007850728996,19.8089822626387,22.7185381499711,8.51471922392794,19.1063241586719,19053740000.0,6.80553908577225,8.0,7403270927.17346,0.699023020550894,724897063.223197,0.0684453857906043,1069829382514.67,860059000000.0,3.1145314799161,42921895.0,391.8345,438.475,10.2156486800035,355.4424,0.320660001760255,53.3278836676107,47.2695804979104,19319340000.0
52,Spain,2005,27.4640152609977,62.6346983674677,7.82942230594764,26.8669049213997,19.5655648235362,8.3037781850702,15.9485519394185,23876980000.0,8.11912963347082,7.3,8154819304.93636,0.716726676786305,749039107.722111,0.0658330111785153,1154667551775.88,928122000000.0,3.5512255846125,43653155.0,404.8613,452.7822,10.3722674798649,370.4278,0.322718518309804,59.7921649911461,52.074906553215,22882052000.0
51,Spain,2006,22.700269485973,60.9021602289462,9.96163080755629,30.2445409889167,20.0782077012212,7.95734975405648,18.709395944019,26195970000.0,8.74776513646275,8.5,8381740516.86304,0.677537506922239,757669477.465328,0.0612461681198717,1261846683275.29,1004976000000.0,4.04343515605099,44397319.0,394.9955,445.0602,10.0244836856027,361.5215,0.302719057232093,55.9502369310473,49.481336336886,25008825000.0
50,Spain,2007,24.2854660901662,61.428117183889,10.0052776675987,31.0756279932734,18.0630632107232,6.06702310044942,20.1610868717199,30981210000.0,10.1558092041212,9.0,9134161858.80923,0.635273432426037,819354421.55187,0.0569854250229548,1476746276854.51,1077541000000.0,3.53350013165972,45226803.0,415.134,462.1211,10.2178590867898,374.6869,0.303035316269707,61.6294212929512,55.2115412195288,31743193000.0
49,Spain,2008,15.9272432894141,60.1651591353846,8.33253654090095,38.5003728988584,18.7956960459972,5.73754294711211,20.6921098426176,38779150000.0,12.3595733017166,9.7,8702673551.04103,0.548523243703614,868085270.984135,0.0547147891804569,1636115447612.5,1112432000000.0,0.767165748290694,45954106.0,380.0007,426.9132,9.28999032208352,343.0931,0.275370666733148,48.0007419597659,43.3863455682092,31723634000.0
48,Spain,2009,12.5375059398547,55.6398072092865,9.89817391894644,36.5711764306564,17.9081528748897,6.53112483877537,26.077998778087,47669000000.0,16.1798248591406,12.2,7939748188.60712,0.54273433219563,771148674.926888,0.0527131152232943,1496587590847.66,1072990000000.0,-3.76813306940053,46362946.0,343.4514,388.3204,8.37566275447639,303.7758,0.253361110580516,31.0403613171511,30.4242714106409,32619929000.0
47,Spain,2010,8.72989815174097,45.6794913888309,15.0935073807652,31.4568844581082,20.5586896032528,5.49270877898165,33.4905995151346,55472200000.0,18.3970921343694,14.4,7809004788.85035,0.557236006528435,702322882.840649,0.0501164500611451,1427989078916.67,1077145000000.0,0.0941223116369514,46576897.0,327.2793,375.2444,8.05644910179396,291.2431,0.242679923896759,25.6341059924035,26.0324656415761,35212073000.0
46,Spain,2011,15.3569714851606,49.4563497330243,11.2000462825892,29.0994973574683,19.6421947476067,4.99988089039534,30.5731384019575,56927250000.0,19.3730921193682,14.7,8184909228.76206,0.562698870053283,712297076.632008,0.0489692370386505,1487568659241.25,1068690000000.0,-0.639920636520344,46742697.0,326.4866,374.8281,8.01896604297352,293.1618,0.245851948638424,26.4617793661852,25.8926439268574,31378586000.0
45,Spain,2012,18.8168357093407,48.6022893015815,8.12009759441857,24.6365414473817,20.6581574012461,5.14891214485915,30.4410803944105,66417870000.0,22.3209827999919,15.8,8366231629.09229,0.636624376736862,633775036.613814,0.0482268069500518,1330994811670.31,1035964000000.0,-2.86511368637748,46773055.0,321.0466,367.7986,7.86347182154341,287.3971,0.248126654876022,23.9750494460106,23.5316620781544,22330413000.0
44,Spain,2013,14.470418126884,39.43234452843,14.3723895515543,20.1434718220361,19.8598891576895,4.81845457950993,40.4694798533773,74541380000.0,26.097090301823,16.9,7848926907.8588,0.582900375466584,614517819.462785,0.0456371516642754,1362186923157.65,1025652000000.0,-1.42732224757626,46604197.0,293.2674,339.5662,7.28617210162424,260.5978,0.22824707970189,12.4145829603763,14.0493114208781,19050413000.0
43,Spain,2014,16.2493856480203,38.2742180241005,15.4149431926213,16.9589846062228,20.5579212840225,5.06584776985747,40.9223064477361,71101520000.0,25.5073632551148,17.3,8113305822.40028,0.593598553584518,586097183.334009,0.0428809720603015,1380244561361.96,1038949000000.0,1.52048593647231,46460733.0,288.6055,337.5087,7.26438603540758,258.0155,0.222600734643275,11.300651155969,13.3582636715778,20958882000.0
42,Spain,2015,18.7518466702977,43.5778591795978,11.1665260527356,18.6884814051426,20.3608972236758,6.13753110415754,35.7115563292288,68949690000.0,24.5450302764933,16.3,8911577998.98224,0.74518125137793,480915862.304588,0.0402139199275995,1206164777553.12,1087112000000.0,4.06086672473866,46422303.0,297.9821,350.2353,7.54454814531713,275.0786,0.228060547878073,18.6611939944396,17.6327172736411,22169574000.0
41,Spain,2016,13.6306233190548,39.0121228222775,14.5084452143785,19.2232804771974,21.3388603600817,6.15821902602531,39.3497749034651,68256770000.0,24.8413296890865,16.7,8871231210.81264,0.717385019727654,445343488.168844,0.0360133491567878,1243015667917.12,1122967000000.0,2.91515598595787,46458139.0,289.1229,341.6246,7.35338537774834,266.5311,0.214714766480391,14.9740421924911,14.7406614510894,18642607000.0
40,Spain,2017,16.8098039357913,45.752667503246,7.64164424102188,23.224868166223,21.0495201758267,5.71799540123166,32.8920740155082,69622000000.0,25.2504297744863,15.2,9857533560.39174,0.750341852822401,446306025.933311,0.0339721988642456,1321754088818.83,1170024000000.0,2.89604207865007,46571232.0,301.9761,355.273,7.62859354891019,281.6954,0.220543928668578,21.5154959591232,19.3247178795464,21291972000.0
39,Spain,2018,14.1066561730284,40.523661696763,13.4096308279772,21.1344788888403,20.3190357512425,5.28252663489426,38.7586900441607,69571000000.0,25.3490592161835,16.9,10070505114.8907,0.70732174142055,477560623.866626,0.0335424100632011,1431642809327.06,1212276000000.0,2.39541124478878,46782011.0,294.5013,348.2492,7.44408358161431,275.1301,0.21036474727767,18.6834096502221,16.965650476613,22717024000.0
38,Spain,2019,5.11679481220975,40.4630073520532,9.83469773875875,30.6316032160201,21.353158382036,4.71460932382336,37.7724998810643,76342000000.0,27.9378021423056,16.7,9786125233.62086,0.700617233399395,464081907.355438,0.033224976611277,1403496387686.27,1253710000000.0,1.96117850841711,47118501.0,277.3576,329.7538,6.99839326382645,257.7259,0.193267164603714,11.175725837239,10.7536434086136,24249122000.0
37,Switzerland,2001,0.0,1.50760012701393,58.9275606422487,1.16797592257673,37.0148965250645,0.339624204437204,60.1687076332611,899000000.0,1.24114699101238,18.7,876218867.347579,0.294251249636765,248111192.678098,0.0833205392111672,286582672434.226,483636918000.0,1.57566198688916,7229854.0,54.9013,55.1088,7.62239458777452,46.2235,0.0858875201762862,3.15558084781129,0.809641057911459,6079508000.0
36,Switzerland,2002,0.0,1.66093161132711,54.9343820291668,1.3227867900076,40.56844080976,0.33814482131951,56.3286708078235,936000000.0,1.39428877865666,18.2,878055831.23159,0.276451768271194,251061570.251986,0.0790455601709887,309301422430.386,482077197000.0,-0.0732172569941127,7284753.0,50.7111,53.4659,7.33942523514524,44.5979,0.0829277230629242,-0.472221292359876,-2.19568947539797,6607334000.0
35,Switzerland,2003,0.0,1.73467873571747,54.6208636296186,1.3711233120641,40.7879507345303,0.363555423653361,56.0617302270367,971000000.0,1.44086659741801,18.0,942217671.534972,0.244214209411174,297275340.284204,0.0770510513634002,362075086507.76,487606519000.0,-0.0323984255438887,7339001.0,52.5951,54.6994,7.45324874598055,45.8877,0.0853536994945027,2.4061861881967,0.0607322257628828,6664947000.0
34,Switzerland,2004,0.0,1.74582602729283,54.0794388960891,1.43935351071129,41.1039109552489,0.306472516581535,55.6087520012198,1003000000.0,1.52931310513075,18.1,998987069.329334,0.232585961154976,299490379.9506,0.0697278873932207,403912891033.374,502265680000.0,2.70170912949028,7389625.0,50.4659,55.3446,7.48950048209483,46.4294,0.0840894398482661,3.6150816233165,1.24098620354076,6784170000.0
33,Switzerland,2005,0.0,1.81565182403433,55.46875,1.45855686695279,39.1312365879828,0.357094957081545,57.2341067596567,1053000000.0,1.76535675965665,18.7,1066757354.31688,0.23490102697473,282907874.433316,0.0622965944173688,418284865884.998,520848315000.0,2.74969910618739,7437115.0,53.6142,56.0667,7.53877007414838,47.0618,0.0829538148931673,5.02638949329941,2.56191211388388,6818354000.0
32,Switzerland,2006,0.0,1.5376689874801,51.3316057323051,1.22701301945112,43.4278310281308,0.310655968028974,53.1768085172812,1182000000.0,1.84520278497612,18.1,1115341904.82643,0.234717825780148,284247503.554078,0.05981838907777,441634672196.523,553721552000.0,4.0736284178369,7483934.0,54.8425,55.465,7.41120913145413,46.6288,0.0789734975398678,4.06007654626808,1.46123198612671,7368658000.0
31,Switzerland,2007,0.0,1.34854619065145,54.0831799779168,1.09238130290762,41.1115200588885,0.256164887743835,55.894000736106,1230000000.0,1.81082075818918,19.3,1121296447.24188,0.226280566433129,308855452.278013,0.0623278410088045,490740715594.802,589085155000.0,3.91637577227581,7551117.0,51.8385,53.4591,7.07962808681153,44.6476,0.0727681376608231,-0.361307312065529,-2.20812860597591,7654628000.0
30,Switzerland,2008,0.0,1.24312798270935,55.0254572883274,1.06035770753855,40.1804493827877,0.182770275170803,56.8966767722189,1290000000.0,1.87121948389156,19.6,1206624751.4221,0.226382666374645,345103638.270371,0.0647471235072547,567267767519.158,614407719000.0,2.8079835919566,7647675.0,53.1448,55.0644,7.20014906491189,46.0179,0.0729529900097264,2.69674957319317,0.728420852373124,7363917000.0
29,Switzerland,2009,0.0,1.1890328517799,54.7875370659811,1.03857783490849,40.4417242437079,0.150455016871412,56.7025518923735,1311000000.0,1.91501482639244,20.0,1206055169.34934,0.212583432842804,356695266.407504,0.0628723346483346,554212916092.271,603039074000.0,-2.29737452570922,7743831.0,50.923,53.2433,6.87557618444927,44.6539,0.0724551836392281,-0.347247793436656,-2.60288807343478,8136863000.0
28,Switzerland,2010,0.0,1.61321241613212,55.7752709577527,1.51441421514414,38.8394897883949,0.098798200987982,57.8559315785593,1411000000.0,2.08066062080661,20.6,1292022321.51717,0.203005257985034,353426237.019589,0.0555310718940144,598851027947.721,624545118000.0,3.24339715656356,7824909.0,52.7394,55.0062,7.02962807618593,46.335,0.072821051749091,3.40441201084591,0.621956528897183,8009375000.0
27,Switzerland,2011,0.0,1.56600591120808,52.8171084598363,1.48708664097922,41.3320334865296,0.0789192702288659,55.3378827971465,1629000000.0,2.52077433731025,20.6,1228631222.27193,0.168650461130408,416107463.926358,0.0571178026399308,715888126682.396,635738744000.0,1.81310830459596,7912398.0,47.5782,50.9946,6.44489824702953,42.2986,0.0652935191611182,-5.60349925796985,-6.71639879852633,8380598000.0
26,Switzerland,2012,0.0,1.3788857228769,57.7113074356735,1.30586062228841,36.4280702759203,0.0730251005884964,60.4690788814273,1926000000.0,2.75777144575381,21.9,1321098478.15495,0.187106617014843,386636054.626197,0.0547591003950799,686420221557.99,643645589000.0,1.17925385250513,7996861.0,51.8713,52.3534,6.54674377859012,43.609,0.0665317181298133,-2.67911938316652,-4.23076782362777,8782503000.0
25,Switzerland,2013,0.0,1.1365578533584,56.9233179513474,1.07531476100951,37.0164644220361,0.0612430923488862,60.0794735942574,2216000000.0,3.15615564291004,21.8,1407124015.2928,0.193659964192507,383696218.055715,0.0528074249617636,706234937370.968,654611669000.0,1.79214400716117,8089346.0,53.3252,53.6132,6.62763096052512,44.6168,0.0668708383268687,-0.430042736473302,-1.92623595567279,9491414000.0
24,Switzerland,2014,0.0,0.748505080635045,55.3378029912326,0.701113697503589,38.4107160280445,0.0473913831314553,59.0078474555009,2633000000.0,3.67004446426829,22.2,1339759450.14232,0.182114127637956,373213214.063107,0.0507310464537799,726537809429.524,665618375000.0,2.34988141500179,8188649.0,45.9092,49.9621,6.10138497815696,40.9097,0.0599069625256878,-8.70306519822805,-8.60513443407445,9518562000.0
23,Switzerland,2015,0.0,0.981058479359357,58.9226086699566,0.929346059513608,34.1139446233858,0.0517124198457492,63.1393871339499,2854000000.0,4.21677846399338,23.9,1359269498.20227,0.19123309627254,333327440.380944,0.0468952173067616,694118186379.628,668006382000.0,1.64462750849488,8282396.0,50.4359,49.3178,5.95453296364965,40.233,0.0579627515738303,-10.2132360325378,-9.78374205633463,10055495000.0
22,Switzerland,2016,0.0,1.41052431610942,58.0816236068896,1.35986575481256,33.4758105369808,0.0506585612968592,63.1348150962513,3192000000.0,5.0531914893617,24.1,1424611292.66994,0.205668042780661,297433679.567499,0.0429398552773304,687895460902.713,677848331000.0,2.06868969039562,8373338.0,46.5413,49.81,5.94864318148867,40.7897,0.0575737540597872,-8.97086555306351,-8.88336851656051,10274551000.0
21,Switzerland,2017,0.0,1.20138206485561,58.6933781342125,1.1459092782198,32.2946714426094,0.0554727866358132,64.5196056677339,3676000000.0,5.82622753352141,25.0,1448041520.71199,0.208369643177971,273476202.598746,0.0393525585683126,695200834102.045,684558468000.0,1.36279965488859,8451840.0,47.0113,48.8921,5.78478769120097,39.8069,0.0554311383628354,-11.164150459166,-10.5624682161921,9957005000.0
20,Switzerland,2018,0.0,0.930360424232778,54.6959327478188,0.897081591017609,36.9134605645826,0.0332788332151694,60.3316308075181,3895000000.0,5.63569805969933,24.2,1468419368.77008,0.207953032167109,282251804.640235,0.0399716319859886,725568717468.001,709521556000.0,2.86044579439036,8514329.0,48.6611,47.5976,5.590293727198,38.5013,0.0521221631513758,-14.0778183197759,-12.9304762357727,9989536000.0
19,Switzerland,2019,0.0,0.873647683200653,55.7406273389127,0.834183847043614,35.9488330951895,0.0394638361570389,61.4615227597469,4204000000.0,5.72089542083418,24.8,1524316102.16701,0.216073361668277,276579096.517923,0.039205368930266,721369112726.724,716878590000.0,1.14198218965691,8575280.0,44.203,47.4035,5.52792445261263,38.3792,0.0513702281590187,-14.350305180821,-13.2855402424167,10840386000.0
18,United Kingdom,2001,34.5768719999792,72.8204288584133,1.68352005904535,36.8786529760466,23.4138709786402,1.36490388238749,3.1110556694708,5493000000.0,1.42753561042545,0.8,10581774077.7396,0.638442277134574,1428340579.10458,0.0861777056614353,1649827263567.01,1146135000000.0,2.57278043964686,59119673.0,696.0138,698.0871,11.8080338502549,562.9085,0.239415128858407,-3.33829026923719,-8.21991865723301,16582182000.0
17,United Kingdom,2002,32.4550802332368,73.0171518879472,1.92100112073462,39.322807724289,22.685321475238,1.23926393042149,3.55820331262298,6340000000.0,1.63720219188836,1.0,10696884063.1312,0.592175232960962,1535700162.70389,0.0850157481599513,1785729916067.15,1191439000000.0,1.79566074059649,59370479.0,674.5847,677.4596,11.4107147425912,546.9059,0.228505746722053,-6.08623007852681,-10.9318920311829,16746635000.0
16,United Kingdom,2003,35.1187097875931,73.6610932249785,1.4969939577798,37.3886860305677,22.2718346149403,1.15369740681771,3.35310574136485,7391000000.0,1.85611178358505,0.9,11410835457.3187,0.548605179002209,1775407583.36514,0.0853572728059283,2054422857142.86,1258334000000.0,3.15234651882265,59647577.0,683.7334,686.8015,11.5143235407534,560.427,0.226999267978011,-3.76440931468931,-9.70367804198875,24166363000.0
15,United Kingdom,2004,33.8306335945492,74.8811327987165,1.90187522053578,39.8716005757412,20.3080773848962,1.17889862842608,4.26119560223087,9294000000.0,2.35932038169509,1.1,11981668050.1318,0.490504317815254,1959764258.38985,0.0802286314908933,2421525082387.4,1322637000000.0,2.45790443810543,59987905.0,678.1,681.9457,11.3680532767397,560.9379,0.221755664172403,-3.67667841792465,-10.3420879466901,26023268000.0
14,United Kingdom,2005,34.2246633664361,73.8824066915021,1.97110122603902,38.3174848627861,20.4887085923144,1.34025846227997,4.98749861932543,12016000000.0,3.01639739328641,1.4,12585177515.1543,0.48949719238928,1975685073.5437,0.0768437549156964,2543180000000.0,1398749000000.0,2.73266076681189,60401206.0,668.7374,672.9441,11.1412361534636,559.3283,0.215237626585766,-3.95307624809178,-11.5255614419245,27639127000.0
13,United Kingdom,2006,37.8773767751874,74.8793048766367,2.12594580172271,35.4478682648597,18.991799276081,1.55405983658963,5.52730805825585,13513000000.0,3.40136225653314,1.6,13293364914.0816,0.492506268396076,2073396102.30371,0.0768173132876885,2708441582336.71,1472038000000.0,2.38069403532468,60846820.0,662.132,666.7188,10.9573318704248,559.7568,0.210393689570361,-3.87949494203649,-12.3440245540248,29594041000.0
12,United Kingdom,2007,34.64741740145,77.6992104911687,2.2518515531879,41.7794566425337,15.882911783161,1.27233644718506,5.93404211889756,14612000000.0,3.68219056570966,1.8,13662098133.987,0.445827232810964,2297960306.10413,0.0749879904486433,3090510204081.63,1544637000000.0,2.62487995340285,61322463.0,647.7525,652.9615,10.6479985971862,550.2287,0.201522670178532,-5.51564439880553,-14.1527474383997,31200029000.0
11,United Kingdom,2008,32.3421785518665,79.3827290657875,2.37352554690092,45.3153085968941,13.4969514468734,1.7252419170269,6.77161952616921,17103000000.0,4.3980939792683,2.4,13830561487.2019,0.478115748702392,2182702874.88697,0.0754549712379451,2929411764705.88,1593600000000.0,-0.248797260756646,61806995.0,624.5758,630.4242,10.1998843334804,533.7479,0.195974113206603,-8.34569991534288,-17.1158092500938,34954146000.0
10,United Kingdom,2009,27.718744194687,73.4961917146573,2.36538308431305,44.1864600196385,18.3376237361004,1.59098750033173,7.78668294365861,20428000000.0,5.42129985934556,3.0,12883276568.8545,0.537409474880635,1803738448.66308,0.0752406522779651,2412840006231.5,1548802000000.0,-4.62055370768425,62276270.0,570.8223,576.7393,9.26098014540691,483.3614,0.186071430951648,-16.9979857439439,-24.1739607169786,33411560000.0
9,United Kingdom,2010,28.4043470310092,75.7208913503488,1.7610177904334,45.8875623710128,16.2331826850231,1.42898194832676,7.66320959272708,22593000000.0,5.90219180229369,3.2,13787287426.8908,0.55316655935344,1765660452.31763,0.0708409339091614,2485482596184.71,1608553000000.0,2.23331508815346,62766365.0,584.5571,590.5808,9.40919232776982,500.6285,0.188508465255936,-14.0329081014993,-22.3541677485855,33242536000.0
8,United Kingdom,2011,29.7445597671442,70.4473125643764,2.33643970833231,39.8145958858876,18.7469595301574,0.888156911344655,10.3583881637057,29517000000.0,8.02194845537338,4.0,13291230883.3575,0.49638998600746,1753565893.79822,0.0654907402575925,2663805834828.07,1662590000000.0,1.13836239840663,63258810.0,540.3708,547.057,8.64791797379685,459.0174,0.170894670559474,-21.1782968632212,-28.0764019860414,34340014000.0
7,United Kingdom,2012,39.5783031591554,67.9846066369457,2.27329537182773,27.5149497463281,19.3392170920168,0.891353731462177,12.1419134027188,35927000000.0,9.86861803089111,4.2,14533947268.2394,0.54206669964215,1642461775.08835,0.0612582265009403,2707089726614.64,1713715000000.0,1.50899834668228,63711000.0,562.1668,568.7107,8.9264130212993,481.19,0.17648647199578,-17.3708549340688,-25.229510319698,41291513000.0
6,United Kingdom,2013,36.7618935948654,64.1395656580038,2.12313335957588,26.7567846743552,19.7114995379637,0.620887388783267,15.6690312872525,48521000000.0,13.5458979276767,5.2,14667967489.6839,0.535937619275028,1596082042.14093,0.0583175828848983,2784853502534.29,1781361000000.0,1.79992149702836,64139000.0,549.5652,556.2196,8.67209654032648,470.1718,0.169396316546559,-19.2628818801097,-26.8717612280168,32126049000.0
5,United Kingdom,2014,30.0992262660898,60.5428277857234,2.59717570836776,29.8750714363972,18.8760870917021,0.568530083236357,19.9592553440347,58634000000.0,17.362079635667,6.6,13993566796.8057,0.464836527500492,1619031774.65427,0.0537807922005303,3064708247921.43,1862514000000.0,3.19463731938923,64620000.0,509.1862,516.1183,7.98697462086041,430.4962,0.150300206874661,-26.0759098066623,-32.1440267890774,33655530000.0
4,United Kingdom,2015,22.7677607348352,52.9457008889612,2.67309598118538,29.5457570961587,20.8096794710607,0.63218305796737,25.4710311062464,77065000000.0,22.797935125061,7.7,13946681758.9912,0.485769843698995,1496690731.58491,0.0521304805911287,2927911140916.73,1916451000000.0,2.22288842280334,65088000.0,494.0052,501.0783,7.69847437315634,415.856,0.142031632787119,-28.5899005579129,-34.1213909652601,38015027000.0
3,United Kingdom,2016,9.32108905665301,52.3893537655006,2.46971053770838,42.5078429395753,21.2681544036104,0.560421769272282,25.4852540875207,77619000000.0,23.0155435498123,7.7,13675478899.0203,0.518690200770757,1351025129.97751,0.0512423368197057,2689106566899.61,1991645000000.0,1.92171009934007,65607000.0,471.5009,478.2401,7.28946758730014,393.3439,0.131809837740342,-32.4556408614079,-37.1240132078461,36379176000.0
2,United Kingdom,2017,6.90041460573928,47.9048925848104,2.59402718794176,40.5255624146117,20.8446813996426,0.478915564459486,30.154491759748,92997000000.0,27.5604645718062,8.8,13732073065.2341,0.517311825859217,1289338850.37298,0.0485717073940066,2680148052335.3,2082482000000.0,2.65650487566202,65966000.0,460.0367,467.0427,7.08005184488979,381.2854,0.12446266843464,-34.5263063901544,-38.5961766138559,37031577000.0
1,United Kingdom,2018,5.3369544621992,45.3868201736578,2.38832095713293,39.5463964654895,19.5682315116408,0.503469245969088,33.7661243996114,104329000000.0,31.3778034424785,10.2,14132949346.2785,0.49782797945177,1394769917.90655,0.0491302609963975,2871340347581.79,2152304000000.0,1.40519025981538,66289000.0,451.7301,458.1399,6.91125073541613,373.2205,0.120141828720244,-35.9111975808321,-39.7666605093159,36935364000.0
0,United Kingdom,2019,2.45615988076353,43.7637411059677,2.37761718786237,40.8394172998012,17.3730870679765,0.468163925402995,37.5205246899264,113649000000.0,35.1429075020641,11.4,14228581584.7635,0.49821995009398,1361952927.83638,0.0476893719654818,2851407164907.81,2233921000000.0,1.62447518038404,66631000.0,434.0307,440.5967,6.61248818117693,357.3326,0.113188699858875,-38.639441297229,-42.0731296060983,37018373000.0
